Blue-Eyes White Dragon,First Monster,Ultra Rare,
Dark Magician,First Monster,Ultra Rare,
Red-Eyes B. Dragon,First Monster,Ultra Rare,
Summoned Skull,First Monster,Ultra Rare,
D.D. Trainer,First Monster,Super Rare,
Gaia the Fierce Knight,First Monster,Super Rare,
Giant Soldier of Stone,First Monster,Super Rare,
Gogiga Gagagigo,First Monster,Super Rare,
Millennium Shield,First Monster,Super Rare,
Neo Aqua Matador,First Monster,Super Rare,
Oppressed People,First Monster,Super Rare,
Acrobat Monkey,First Monster,Rare,
Aqua Matador,First Monster,Rare,
Curse of Dragon,First Monster,Rare,
Earthbound Spirit,First Monster,Rare,
Inapchi,First Monster,Rare,
Island Turtle,First Monster,Rare,
People Running About,First Monster,Rare,
Prevent Rat,First Monster,Rare,
Skull Dog Marron,First Monster,Rare,
United Resistance,First Monster,Rare,
Ushi Oni,First Monster,Rare,
Ancient Jar,First Monster,Common,
Ancient Lizard Warrior,First Monster,Common,
Ancient Tree of Enlightenment,First Monster,Common,
Bean Soldier,First Monster,Common,
Beaver Warrior,First Monster,Common,
Big Insect,First Monster,Common,
Blocker,First Monster,Common,
Bone Mouse,First Monster,Common,
Change Slime,First Monster,Common,
Dark King of Abyss,First Monster,Common,
Dark Plant,First Monster,Common,
Dark Rabbit,First Monster,Common,
Destroyer Golem,First Monster,Common,
Fiend Scorpion,First Monster,Common,
Fungi of the Mask,First Monster,Common,
Garvas,First Monster,Common,
Giant Flea,First Monster,Common,
Gigobyte,First Monster,Common,
Goblin Calligrapher,First Monster,Common,
Golgoil,First Monster,Common,
Grand Tiki Elder,First Monster,Common,
Griffore,First Monster,Common,
Headless Knight,First Monster,Common,
Jellyfish,First Monster,Common,
Kappa Avenger,First Monster,Common,
Kattapillar,First Monster,Common,
King of Yamimakai,First Monster,Common,
Kojikocy,First Monster,Common,
Laughing Flower,First Monster,Common,
Mammoth Graveyard,First Monster,Common,
Melchid the Four-Face Beast,First Monster,Common,
Pale Beast,First Monster,Common,
Red Archery Girl,First Monster,Common,
Saggi the Dark Clown,First Monster,Common,
Shadow Specter,First Monster,Common,
Sleeping Lion,First Monster,Common,
Souls of the Forgotten,First Monster,Common,
Tao the Chanter,First Monster,Common,
The 13th Grave,First Monster,Common,
The Earl of Demise,First Monster,Common,
The Gross Ghost of Fled Dreams,First Monster,Common,
The Judgement Hand,First Monster,Common,
The Portrait's Secret,First Monster,Common,
Toon Alligator,First Monster,Common,
Torike,First Monster,Common,
Turtle Tiger,First Monster,Common,
Uraby,First Monster,Common,
Water Omotics,First Monster,Common,
Wolf,First Monster,Common,
Yormungarde,First Monster,Common,
Nightmare's Steelcage,First Spell-Trap,Ultra Rare,
Swords of Revealing Light,First Spell-Trap,Ultra Rare,
Waboku,First Spell-Trap,Ultra Rare,
Adhesion Trap Hole,First Spell-Trap,Super Rare,
Back to Square One,First Spell-Trap,Super Rare,
Backup Soldier,First Spell-Trap,Super Rare,
Self-Destruct Button,First Spell-Trap,Super Rare,
Share the Pain,First Spell-Trap,Super Rare,
Shield &amp, Sword,First Spell-Trap,Super Rare
Threatening Roar,First Spell-Trap,Super Rare,
Block Attack,First Spell-Trap,Rare,
Cold Wave,First Spell-Trap,Rare,
Fiend Comedian,First Spell-Trap,Rare,
Graverobber,First Spell-Trap,Rare,
Huge Revolution,First Spell-Trap,Rare,
Lightforce Sword,First Spell-Trap,Rare,
Reverse Trap,First Spell-Trap,Rare,
Stop Defense,First Spell-Trap,Rare,
Windstorm of Etaqua,First Spell-Trap,Rare,
Zero Gravity,First Spell-Trap,Rare,
A Feint Plan,First Spell-Trap,Common,
Ancient Telescope,First Spell-Trap,Common,
Bubble Crash,First Spell-Trap,Common,
Castle Walls,First Spell-Trap,Common,
Chosen One,First Spell-Trap,Common,
Curse of Aging,First Spell-Trap,Common,
Curse of Fiend,First Spell-Trap,Common,
Dark Designator,First Spell-Trap,Common,
Darkness Approaches,First Spell-Trap,Common,
Dark-Piercing Light,First Spell-Trap,Common,
Deal of Phantom,First Spell-Trap,Common,
De-Spell Germ Weapon,First Spell-Trap,Common,
Destruction of Destiny,First Spell-Trap,Common,
Dice Re-Roll,First Spell-Trap,Common,
Energy Drain,First Spell-Trap,Common,
Exchange,First Spell-Trap,Common,
Fairy's Hand Mirror,First Spell-Trap,Common,
Final Destiny,First Spell-Trap,Common,
Fruits of Kozaky's Studies,First Spell-Trap,Common,
Gather Your Mind,First Spell-Trap,Common,
Gravedigger Ghoul,First Spell-Trap,Common,
Hieroglyph Lithogram,First Spell-Trap,Common,
Insect Imitation,First Spell-Trap,Common,
Jade Insect Whistle,First Spell-Trap,Common,
Life Equalizer,First Spell-Trap,Common,
Major Riot,First Spell-Trap,Common,
Mask of Weakness,First Spell-Trap,Common,
Mesmeric Control,First Spell-Trap,Common,
Micro Ray,First Spell-Trap,Common,
Mind Haxorz,First Spell-Trap,Common,
Multiplication of Ants,First Spell-Trap,Common,
Non Aggression Area,First Spell-Trap,Common,
Order to Charge,First Spell-Trap,Common,
Order to Smash,First Spell-Trap,Common,
Pot of Generosity,First Spell-Trap,Common,
Reinforcements,First Spell-Trap,Common,
Sage's Stone,First Spell-Trap,Common,
Seal of Ancients,First Spell-Trap,Common,
Simultaneous Loss,First Spell-Trap,Common,
Skull Dice,First Spell-Trap,Common,
Snake Fang,First Spell-Trap,Common,
Solomon's Lawbook,First Spell-Trap,Common,
Spell Reproduction,First Spell-Trap,Common,
The Inexperienced Spy,First Spell-Trap,Common,
The Law of the Normal,First Spell-Trap,Common,
The Secret of the Bandit,First Spell-Trap,Common,
Thousand Energy,First Spell-Trap,Common,
Triangle Power,First Spell-Trap,Common,
Polymerization,First Fusion,Ultra Rare,
Super Rare,First Fusion,Ultra Rare,
Fusion Sage,First Fusion,Ultra Rare,
Summoner of Illusions,First Fusion,Ultra Rare,
Flame Swordsman,First Fusion,Rare,
Monster Eye,First Fusion,Rare,
Punished Eagle,First Fusion,Rare,
Rose Spectre of Dunn,First Fusion,Rare,
Amphibious Bugroth,First Fusion,Common,
Armaill,First Fusion,Common,
Barox,First Fusion,Common,
Beautiful Headhuntress,First Fusion,Common,
Behegon,First Fusion,Common,
Blue-Winged Crown,First Fusion,Common,
Charubin the Fire Knight,First Fusion,Common,
Darkfire Dragon,First Fusion,Common,
Darkworld Thorns,First Fusion,Common,
Deepsea Shark,First Fusion,Common,
Defender of the Sea,First Fusion,Common,
Dragoness the Wicked Knight,First Fusion,Common,
Enchanting Mermaid,First Fusion,Common,
Feral Imp,First Fusion,Common,
Firegrass,First Fusion,Common,
Fireyarou,First Fusion,Common,
Flame Manipulator,First Fusion,Common,
Flame Viper,First Fusion,Common,
Flower Wolf,First Fusion,Common,
Fusionist,First Fusion,Common,
Giltia the D. Knight,First Fusion,Common,
Ground Attacker Bugroth,First Fusion,Common,
Hercules Beetle,First Fusion,Common,
Hinotama Soul,First Fusion,Common,
Kaminari Attack,First Fusion,Common,
Karbonala Warrior,First Fusion,Common,
Kuwagata {alpha},First Fusion,Common,
Kwager Hercules,First Fusion,Common,
Lesser Dragon,First Fusion,Common,
Man-Eating Plant,First Fusion,Common,
Marine Beast,First Fusion,Common,
Mavelus,First Fusion,Common,
Mega Thunderball,First Fusion,Common,
Metal Dragon,First Fusion,Common,
M-Warrior #1,First Fusion,Common,
Mystic Horseman,First Fusion,Common,
Mystical Sheep #2,First Fusion,Common,
Niwatori,First Fusion,Common,
Ocubeam,First Fusion,Common,
One-Eyed Shield Dragon,First Fusion,Common,
Petit Angel,First Fusion,Common,
Petit Dragon,First Fusion,Common,
Pragtical,First Fusion,Common,
Protector of the Throne,First Fusion,Common,
Rabid Horseman,First Fusion,Common,
Rare Fish,First Fusion,Common,
Rhaimundos of the Red Sword,First Fusion,Common,
Ryu-Kishin,First Fusion,Common,
Silver Fang,First Fusion,Common,
Skullbird,First Fusion,Common,
Sonic Maid,First Fusion,Common,
Steel Ogre Grotto #1,First Fusion,Common,
Takuhee,First Fusion,Common,
Temple of Skulls,First Fusion,Common,
Tongyo,First Fusion,Common,
Trakadon,First Fusion,Common,
Tyhone,First Fusion,Common,
Vermillion Sparrow,First Fusion,Common,
Warrior of Tradition,First Fusion,Common,
Wings of Wicked Flame,First Fusion,Common,
Dark Eradicator Warlock,First Effect Monster,Ultra Rare,
Kaibaman,First Effect Monster,Ultra Rare,
Sangan,First Effect Monster,Ultra Rare,
Ancient Lamp,First Effect Monster,Super Rare,
D.D. Warrior,First Effect Monster,Super Rare,
Dark Magician Girl,First Effect Monster,Super Rare,
Kuriboh,First Effect Monster,Super Rare,
Time Wizard,First Effect Monster,Super Rare,
Buster Blader,First Effect Monster,Rare,
Cat's Ear Tribe,First Effect Monster,Rare,
Gearfrid the Iron Knight,First Effect Monster,Rare,
Hayabusa Knight,First Effect Monster,Rare,
Hyper Hammerhead,First Effect Monster,Rare,
Pinch Hopper,First Effect Monster,Rare,
Prickle Fairy,First Effect Monster,Rare,
Sword Hunter,First Effect Monster,Rare,
Wall of Illusion,First Effect Monster,Rare,
White Magical Hat,First Effect Monster,Rare,
Archfeond of Gilfer,First Effect Monster,Common,
Arsenal Bug,First Effect Monster,Common,
Blindly Loyal Goblin,First Effect Monster,Common,
Boar Soldier,First Effect Monster,Common,
Byser Shock,First Effect Monster,Common,
Ceremonial Bell,First Effect Monster,Common,
Cockroach Knight,First Effect Monster,Common,
Crass Clown,First Effect Monster,Common,
Dark Elf,First Effect Monster,Common,
Dark Sage,First Effect Monster,Common,
Dream Clown,First Effect Monster,Common,
Drill Bug,First Effect Monster,Common,
Electric Lizard,First Effect Monster,Common,
Element Saurus,First Effect Monster,Common,
Element Soldier,First Effect Monster,Common,
Emissary of the Oasis,First Effect Monster,Common,
Familiar Knight,First Effect Monster,Common,
Flash Assailant,First Effect Monster,Common,
Great Phantom Thief,First Effect Monster,Common,
Invitation to a Dark Sleep,First Effect Monster,Common,
Jirai Gumo,First Effect Monster,Common,
Karate Man,First Effect Monster,Common,
Kryuel,First Effect Monster,Common,
Lava Battleguard,First Effect Monster,Common,
Mind on Air,First Effect Monster,Common,
Muka Muka,First Effect Monster,Common,
Panther Warrior,First Effect Monster,Common,
Penguin Knight,First Effect Monster,Common,
Ryu-Kishin Clown,First Effect Monster,Common,
Steel Scorpion,First Effect Monster,Common,
Swamp Battleguard,First Effect Monster,Common,
Swordsman from a Foreign Land,First Effect Monster,Common,
Tainted Wisdom,First Effect Monster,Common,
The Hunter with 7 Weapons,First Effect Monster,Common,
The Little Swordsman of Aile,First Effect Monster,Common,
Total Defense Shogun,First Effect Monster,Common,
Wodan the Resident of the Forest,First Effect Monster,Common,
Yado Karu,First Effect Monster,Common,
Zone Eater,First Effect Monster,Common,
Confiscation,Step Up Spell-Trap,Ultra Rare,
Giant Trunade,Step Up Spell-Trap,Ultra Rare,
Last Will,Step Up Spell-Trap,Ultra Rare,
The Shallow Grave,Step Up Spell-Trap,Ultra Rare,
Compulsory Evacuation Device,Step Up Spell-Trap,Super Rare,
Curse of Anubis,Step Up Spell-Trap,Super Rare,
Foolish Burial,Step Up Spell-Trap,Super Rare,
Hallowed Life Barrier,Step Up Spell-Trap,Super Rare,
Monster Gate,Step Up Spell-Trap,Super Rare,
Reasoning,Step Up Spell-Trap,Super Rare,
Soul Release,Step Up Spell-Trap,Super Rare,
Soul Resurrection,Step Up Spell-Trap,Super Rare,
A Feather of Phoenix,Step Up Spell-Trap,Rare,
Big Burn,Step Up Spell-Trap,Rare,
Big Evolution Pill,Step Up Spell-Trap,Rare,
Book of Taiyou,Step Up Spell-Trap,Rare,
Clone Duplication,Step Up Spell-Trap,Rare,
Cost Down,Step Up Spell-Trap,Rare,
Dark Magic Curtain,Step Up Spell-Trap,Rare,
Dark Mirror Force,Step Up Spell-Trap,Rare,
Desert Sunlight,Step Up Spell-Trap,Rare,
Forced Ceasefire,Step Up Spell-Trap,Rare,
Magical Hats,Step Up Spell-Trap,Rare,
Monster Relief,Step Up Spell-Trap,Rare,
Phoenix Wing Wind Blast,Step Up Spell-Trap,Rare,
Physical Double,Step Up Spell-Trap,Rare,
Riryoku,Step Up Spell-Trap,Rare,
Rising Energy,Step Up Spell-Trap,Rare,
Shift,Step Up Spell-Trap,Rare,
Time Machine,Step Up Spell-Trap,Rare,
Trap Dustshoot,Step Up Spell-Trap,Rare,
Tribute Doll,Step Up Spell-Trap,Rare,
Abyssal Designator,Step Up Spell-Trap,Common,
Chain Disappearance,Step Up Spell-Trap,Common,
Conscription,Step Up Spell-Trap,Common,
D.D. Designator,Step Up Spell-Trap,Common,
Dark Core,Step Up Spell-Trap,Common,
Dark Magician's Tome of Black Magic,Step Up Spell-Trap,Common,
Dark Spirit of the Silent,Step Up Spell-Trap,Common,
Delta Attacker,Step Up Spell-Trap,Common,
Dimension Distortion,Step Up Spell-Trap,Common,
Dimensionhole,Step Up Spell-Trap,Common,
Disappear,Step Up Spell-Trap,Common,
Dust Barrier,Step Up Spell-Trap,Common,
Earthbound Spirit's Invitation,Step Up Spell-Trap,Common,
Earthquake,Step Up Spell-Trap,Common,
Emblem of Dragon Destroyer,Step Up Spell-Trap,Common,
Fiend's Hand Mirror,Step Up Spell-Trap,Common,
Frozen Soul,Step Up Spell-Trap,Common,
Hidden Book of Spell,Step Up Spell-Trap,Common,
Human-Wave Tactics,Step Up Spell-Trap,Common,
Hunting Instinct,Step Up Spell-Trap,Common,
Interdimensional Matter Transporter,Step Up Spell-Trap,Common,
Karma Cut,Step Up Spell-Trap,Common,
Level Conversion Lab,Step Up Spell-Trap,Common,
Mind Crush,Step Up Spell-Trap,Common,
Miracle Dig,Step Up Spell-Trap,Common,
Next to be Lost,Step Up Spell-Trap,Common,
Reversal Quiz,Step Up Spell-Trap,Common,
Rope of Life,Step Up Spell-Trap,Common,
Spiritualism,Step Up Spell-Trap,Common,
Staunch Defender,Step Up Spell-Trap,Common,
Sword of the Soul-Eater,Step Up Spell-Trap,Common,
Tail Swipe,Step Up Spell-Trap,Common,
Taunt,Step Up Spell-Trap,Common,
Thousand Knives,Step Up Spell-Trap,Common,
Thunder of Ruler,Step Up Spell-Trap,Common,
Ultra Evolution Pill,Step Up Spell-Trap,Common,
Metamophosis,Step Up Fusion,Ultra Rare,
The Last Warrior from Another Planet,Step Up Fusion,Ultra Rare,
Centrifugal Field,Step Up Fusion,Super Rare,
Crimson Sunbird,Step Up Fusion,Super Rare,
Fusion Gate,Step Up Fusion,Super Rare,
Re-Fusion,Step Up Fusion,Super Rare,
Thunder Dragon,Step Up Fusion,Super Rare,
Twin-Headed Thunder Dragon,Step Up Fusion,Super Rare,
eastking of the Swamp,Step Up Fusion,Rare,
Branch!,Step Up Fusion,Rare,
Goddess with the Third Eye,Step Up Fusion,Rare,
Maryokutai,Step Up Fusion,Rare,
Mispolymerization,Step Up Fusion,Rare,
Mystical Sheep #1,Step Up Fusion,Rare,
Non-Fusion Area,Step Up Fusion,Rare,
Supply,Step Up Fusion,Rare,
Versago the Destroyer,Step Up Fusion,Rare,
Zombrya the Dark,Step Up Fusion,Rare,
Amazon of the Seas,Step Up Fusion,Common,
Ancient Brain,Step Up Fusion,Common,
Aqua Dragon,Step Up Fusion,Common,
Berfomet,Step Up Fusion,Common,
Bickuribox,Step Up Fusion,Common,
Blackland Fire Dragon,Step Up Fusion,Common,
Bracchio-Radius,Step Up Fusion,Common,
Chimera the Mythical Flying Beast,Step Up Fusion,Common,
Curtain of the Dark Ones,Step Up Fusion,Common,
Cyber Saurus,Step Up Fusion,Common,
Dragon Zombie,Step Up Fusion,Common,
Empress Judge,Step Up Fusion,Common,
Fairy Dragon,Step Up Fusion,Common,
Faith Bird,Step Up Fusion,Common,
Flame Ghost,Step Up Fusion,Common,
Gazelle the King of Mythical Beasts,Step Up Fusion,Common,
Great Mammoth of Goldfine,Step Up Fusion,Common,
Gruesome Goo,Step Up Fusion,Common,
Humanoid Slime,Step Up Fusion,Common,
Humanoid Worm Drake,Step Up Fusion,Common,
Hyosube,Step Up Fusion,Common,
Invader from Another Dimension,Step Up Fusion,Common,
Kaiser Dragon,Step Up Fusion,Common,
Kamionwizard,Step Up Fusion,Common,
Lady of Faith,Step Up Fusion,Common,
Lord of the Lamp,Step Up Fusion,Common,
Man-eating Black Shark,Step Up Fusion,Common,
Memory Crusher,Step Up Fusion,Common,
Musician King,Step Up Fusion,Common,
Mystical Sand,Step Up Fusion,Common,
Roaring Ocean Snake,Step Up Fusion,Common,
Roboyarou,Step Up Fusion,Common,
Sanwitch,Step Up Fusion,Common,
Skelgon,Step Up Fusion,Common,
Skull Knight,Step Up Fusion,Common,
Skull Red Bird,Step Up Fusion,Common,
Soul Hunter,Step Up Fusion,Common,
Success Probability 0%,Step Up Fusion,Common,
Super Robolady,Step Up Fusion,Common,
Super Roboyarou,Step Up Fusion,Common,
The Snake Hair,Step Up Fusion,Common,
Twin-Headed King Rex,Step Up Fusion,Common,
Winged Dragon, Guardian of the Fortress #1,Step Up Fusion,Common
Worm Drake,Step Up Fusion,Common,
Zombie Warrior,Step Up Fusion,Common,
Heavy Storm,Anti Effect,Ultra Rare,
Jinzo,Anti Effect,Ultra Rare,
Mystical Space Typhoon,Anti Effect,Ultra Rare,
Skill Drain,Anti Effect,Ultra Rare,
Skull Descovery Knight,Anti Effect,Ultra Rare,
Alkana Knight Joker,Anti Effect,Super Rare,
Calamity of the Wicked,Anti Effect,Super Rare,
Chiron the Mage,Anti Effect,Super Rare,
Dark Balter the Terrible,Anti Effect,Super Rare,
Dust Tornado,Anti Effect,Super Rare,
Fiend Skull Dragon,Anti Effect,Super Rare,
Royal Decree,Anti Effect,Super Rare,
Ryu Senshi,Anti Effect,Super Rare,
Spell Canceller,Anti Effect,Super Rare,
The End of Anubis,Anti Effect,Super Rare,
Tyrant Dragon,Anti Effect,Super Rare,
Amplifier,Anti Effect,Rare,
Anteatereatingant,Anti Effect,Rare,
Bait Doll,Anti Effect,Rare,
Big Shield Gardna,Anti Effect,Rare,
Blade Knight,Anti Effect,Rare,
Chaos Command Magician,Anti Effect,Rare,
Double Snare,Anti Effect,Rare,
Invader of Darkness,Anti Effect,Rare,
Mid Shield Gardna,Anti Effect,Rare,
My Body as a Shield,Anti Effect,Rare,
Nobleman of Extermination,Anti Effect,Rare,
Rare Metalmorph,Anti Effect,Rare,
Royal Command,Anti Effect,Rare,
Swarm of Locusts,Anti Effect,Rare,
Timidity,Anti Effect,Rare,
Arcane Archer of the Forest,Anti Effect,Common,
Armored Glass,Anti Effect,Common,
De-Spell,Anti Effect,Common,
Driving Snow,Anti Effect,Common,
Enchanted Arrow,Anti Effect,Common,
Frontier Wiseman,Anti Effect,Common,
Gemini Fiend,Anti Effect,Common,
Gora Turtle of Illusion,Anti Effect,Common,
Gorgon's Eyes,Anti Effect,Common,
Gust,Anti Effect,Common,
Magic Reflector,Anti Effect,Common,
Metal Detector,Anti Effect,Common,
Mystic Probe,Anti Effect,Common,
Remove Trap,Anti Effect,Common,
Sorcerer of Dark Magic,Anti Effect,Common,
The Emperor's Holiday,Anti Effect,Common,
Twin-Headed Wolf,Anti Effect,Common,
Dark Hole,Life Breaker,Ultra Rare,
Exiled Force,Life Breaker,Ultra Rare,
Lightning Vortex,Life Breaker,Ultra Rare,
Macro Cosmos,Life Breaker,Ultra Rare,
Torrential Tribute,Life Breaker,Ultra Rare,
Tribe-Infecting Tribe,Life Breaker,Ultra Rare,
Acid Trap Hole,Life Breaker,Super Rare,
Bottomless Shifting Sand,Life Breaker,Super Rare,
Bottomless Trap Hole,Life Breaker,Super Rare,
Fissure,Life Breaker,Super Rare,
Grand Convergence,Life Breaker,Super Rare,
Needle Wall,Life Breaker,Super Rare,
Nobleman of Crossout,Life Breaker,Super Rare,
Sakuretsu Armor,Life Breaker,Super Rare,
Smashing Ground,Life Breaker,Super Rare,
Trap Hole,Life Breaker,Super Rare,
Tribute to the Doomed,Life Breaker,Super Rare,
Widespread Ruin,Life Breaker,Super Rare,
Blind Destruction,Life Breaker,Rare,
Chain Destruction,Life Breaker,Rare,
D.D. Trap Hole,Life Breaker,Rare,
Hammer Shot,Life Breaker,Rare,
Icarus Attack,Life Breaker,Rare,
Jurassic World,Life Breaker,Rare,
Michizure,Life Breaker,Rare,
Mystic Box,Life Breaker,Rare,
Newdoria,Life Breaker,Rare,
Rope of Spirit,Life Breaker,Rare,
Roulette Barrel,Life Breaker,Rare,
Soul Taker,Life Breaker,Rare,
Swarm of Scarabs,Life Breaker,Rare,
Throwstone Unit,Life Breaker,Rare,
Tragedy,Life Breaker,Rare,
Volcanic Eruption,Life Breaker,Rare,
After the Struggle,Life Breaker,Common,
Assault on GHQ,Life Breaker,Common,
Breath of Light,Life Breaker,Common,
Earthshaker,Life Breaker,Common,
Eatgaboon,Life Breaker,Common,
Eradicating Aerosol,Life Breaker,Common,
Eternal Draught,Life Breaker,Common,
Generation Shift,Life Breaker,Common,
Goblin Fan,Life Breaker,Common,
House of Adhesive Tape,Life Breaker,Common,
Infinite Dismissal,Life Breaker,Common,
Medusa Worm,Life Breaker,Common,
Needle Ceiling,Life Breaker,Common,
Pineapple Blast,Life Breaker,Common,
Return to the Doomed,Life Breaker,Common,
Skull Lair,Life Breaker,Common,
Two-Pronged Attack,Life Breaker,Common,
Viser Des,Life Breaker,Common,
Weed Out,Life Breaker,Common,
White Hole,Life Breaker,Common,
Airknight Parshath,Go Go Direct,Ultra Rare,
Blast Sphere,Go Go Direct,Ultra Rare,
Catapult Turtle,Go Go Direct,Ultra Rare,
Magic Cylinder,Go Go Direct,Ultra Rare,
Big Bang Shot,Go Go Direct,Super Rare,
Cannon Soldier,Go Go Direct,Super Rare,
Dimension Wall,Go Go Direct,Super Rare,
Exarion Universe,Go Go Direct,Super Rare,
Opti-Camouflage Armor,Go Go Direct,Super Rare,
Raging Flame Sprite,Go Go Direct,Super Rare,
Rancer Dragonute,Go Go Direct,Super Rare,
Shooting Star -- Ceal,Go Go Direct,Super Rare,
Castle Gate,Go Go Direct,Rare,
Ectoplasmer,Go Go Direct,Rare,
Enraged Battle Ox,Go Go Direct,Rare,
Fairy Meteor Crush,Go Go Direct,Rare,
Gaia Soul The Combustible Collective,Go Go Direct,Rare,
Gear Golem Moving Fortress,Go Go Direct,Rare,
Inaba White Rabbit,Go Go Direct,Rare,
Jinzo #7,Go Go Direct,Rare,
Mad Sword Beast,Go Go Direct,Rare,
Mefist the Infernal General,Go Go Direct,Rare,
Shadowslayer,Go Go Direct,Rare,
Spear Dragon,Go Go Direct,Rare,
Absolute End,Go Go Direct,Common,
Alligator's Sword,Go Go Direct,Common,
Alligator's Sword Dragon,Go Go Direct,Common,
Anti-Aircraft Flower,Go Go Direct,Common,
Astral Barrier,Go Go Direct,Common,
Atomic Firefly,Go Go Direct,Common,
Baby Dragon,Go Go Direct,Common,
Bitelon,Go Go Direct,Common,
Black Tyranno,Go Go Direct,Common,
Dark Driceratops,Go Go Direct,Common,
Des Counter Bow,Go Go Direct,Common,
Destruction Ring,Go Go Direct,Common,
Drillago,Go Go Direct,Common,
Leghul,Go Go Direct,Common,
Man-Thro' Thro',Go Go Direct,Common,
Mass Driver,Go Go Direct,Common,
Mecha-Dog Marron,Go Go Direct,Common,
Meteorain,Go Go Direct,Common,
Mucus Yolk,Go Go Direct,Common,
Mystic Lamp,Go Go Direct,Common,
Needle Burrower,Go Go Direct,Common,
Ooguchi,Go Go Direct,Common,
Piranha Army,Go Go Direct,Common,
Queen's Double,Go Go Direct,Common,
Rainbow Flower,Go Go Direct,Common,
Rocket Jumper,Go Go Direct,Common,
Saber Beetle,Go Go Direct,Common,
Servant of Catabolism,Go Go Direct,Common,
Sonic Shooter,Go Go Direct,Common,
Crush Card Virus,Visitor from the Dark,Ultra Rare,
Deck Devastation Virus,Visitor from the Dark,Ultra Rare,
Don Zaloog,Visitor from the Dark,Ultra Rare,
Cliff the Trap Remover,Visitor from the Dark,Super Rare,
D.D. Survivor,Visitor from the Dark,Super Rare,
Dark Scorpion -- Meanae the Thorn,Visitor from the Dark,Super Rare,
Double Coston,Visitor from the Dark,Super Rare,
Fusilier Dragon, the Dual-Mode Beast,Visitor from the Dark,Super Rare
Mystic Tomato,Visitor from the Dark,Super Rare,
Pitch-Black Warwolf,Visitor from the Dark,Super Rare,
Swift Gaia the Fierce Knight,Visitor from the Dark,Super Rare,
8-Claws Scorpion,Visitor from the Dark,Rare,
Archfiend Soldier,Visitor from the Dark,Rare,
D.D. Scout Plane,Visitor from the Dark,Rare,
Dark Dreadroute,Visitor from the Dark,Rare,
Dark Scorpion -- Chick the Yellow,Visitor from the Dark,Rare,
Dark Scorpion -- Gorg the Strong,Visitor from the Dark,Rare,
LaJinn the Mystical Genie of the Lamp,Visitor from the Dark,Rare,
Hidden Soldiers,Visitor from the Dark,Rare,
Mad Dog of Darkness,Visitor from the Dark,Rare,
Mechanical Spider,Visitor from the Dark,Rare,
Strike Ninja,Visitor from the Dark,Rare,
Vorse Raider,Visitor from the Dark,Rare,
Ancient Sorcerer,Visitor from the Dark,Common,
Baron of the Fiend Sword,Visitor from the Dark,Common,
Brave Scizzar,Visitor from the Dark,Common,
Chthonian Soldier,Visitor from the Dark,Common,
Cyber Soldier of Darkworld,Visitor from the Dark,Common,
D.D. Guide,Visitor from the Dark,Common,
Dark Scorpion Burglars,Visitor from the Dark,Common,
Dark Scorpion Combination,Visitor from the Dark,Common,
Dark Titan of Terror,Visitor from the Dark,Common,
Element Doom,Visitor from the Dark,Common,
Fiend Sword,Visitor from the Dark,Common,
Ghoul with an Appetite,Visitor from the Dark,Common,
Gil Garth,Visitor from the Dark,Common,
Horn Imp,Visitor from the Dark,Common,
Koumori Dragon,Visitor from the Dark,Common,
Lord of Zemia,Visitor from the Dark,Common,
Luminous Soldier,Visitor from the Dark,Common,
Magical Ghost,Visitor from the Dark,Common,
Mustering of the Dark Scorpions,Visitor from the Dark,Common,
Mystic Clown,Visitor from the Dark,Common,
Opticlops,Visitor from the Dark,Common,
Ryu-Kishin Powered,Visitor from the Dark,Common,
Sorcerer of the Doomed,Visitor from the Dark,Common,
Sword of Destruction,Visitor from the Dark,Common,
The Illusory Gentleman,Visitor from the Dark,Common,
Timeater,Visitor from the Dark,Common,
Trial of Nightmare,Visitor from the Dark,Common,
Whiptail Crow,Visitor from the Dark,Common,
Witty Phantom,Visitor from the Dark,Common,
Yaiba Robo,Visitor from the Dark,Common,
Yaranzo,Visitor from the Dark,Common,
Manticore of Darkness,Emergent Fire,Ultra Rare,
Sacred Phoenix of Nephthys,Emergent Fire,Ultra Rare,
Flame Ruler,Emergent Fire,Super Rare,
Gren Maju Da Eiza,Emergent Fire,Super Rare,
Infernal Flame Emperor,Emergent Fire,Super Rare,
Inferno,Emergent Fire,Super Rare,
Thestalos the Firestorm Monarch,Emergent Fire,Super Rare,
UFO Turtle,Emergent Fire,Super Rare,
Ultimate Baseball Kid,Emergent Fire,Super Rare,
Backfire,Emergent Fire,Rare,
Battle Footballer,Emergent Fire,Rare,
Blast Juggler,Emergent Fire,Rare,
Blazing Hiita,Emergent Fire,Rare,
Blazing Inpachi,Emergent Fire,Rare,
Charcoal Inpachi,Emergent Fire,Rare,
Fox Fire,Emergent Fire,Rare,
Horus' Servant,Emergent Fire,Rare,
Jigen Bakudan,Emergent Fire,Rare,
Little Chimera,Emergent Fire,Rare,
Rigras Leever,Emergent Fire,Rare,
Spirit of Flames,Emergent Fire,Rare,
The Thing in the Crater,Emergent Fire,Rare,
Twinheaded Beast,Emergent Fire,Rare,
Ultimate Obedient Fiend,Emergent Fire,Rare,
Burning Spear,Emergent Fire,Common,
Darkfire Soldier #1,Emergent Fire,Common,
Darkfire Soldier #2,Emergent Fire,Common,
Dokuroyaiba,Emergent Fire,Common,
Fire Eye,Emergent Fire,Common,
Fire Kraken,Emergent Fire,Common,
Fire Sorcerer,Emergent Fire,Common,
Firebird,Emergent Fire,Common,
Flame Cerebrus,Emergent Fire,Common,
Flame Champion,Emergent Fire,Common,
Flame Dancer,Emergent Fire,Common,
Gadget Soldier,Emergent Fire,Common,
Garoozis,Emergent Fire,Common,
Giga-Tech Wolf,Emergent Fire,Common,
Great Angus,Emergent Fire,Common,
Infernal Incinerator,Emergent Fire,Common,
Invasion of Flames,Emergent Fire,Common,
Lady Assailant of Flames,Emergent Fire,Common,
Launcher Spider,Emergent Fire,Common,
Molten Behemoth,Emergent Fire,Common,
Mr. Volcano,Emergent Fire,Common,
Robotic Knight,Emergent Fire,Common,
Ryu-Ran,Emergent Fire,Common,
Salamandra,Emergent Fire,Common,
Twin-Headed Fire Dragon,Emergent Fire,Common,
Tyhone #2,Emergent Fire,Common,
Woodborg Inpachi,Emergent Fire,Common,
Levia-Dragon -- Daedalus,Water of Life,Ultra Rare,
Mobius the Frost Monarch,Water of Life,Ultra Rare,
Treeborn Frog,Water of Life,Ultra Rare,
A Legendary Ocean,Water of Life,Super Rare,
Abyss Soldier,Water of Life,Super Rare,
Fenrir,Water of Life,Super Rare,
Gora Turtle,Water of Life,Super Rare,
Maiden of the Aqua,Water of Life,Super Rare,
Mother Grizzly,Water of Life,Super Rare,
Nightmare Penguin,Water of Life,Super Rare,
Amphibious Bugroth MK-3,Water of Life,Rare,
Aqua Spirit,Water of Life,Rare,
Gagagigo,Water of Life,Rare,
Giga Gagagigo,Water of Life,Rare,
Lord Poison,Water of Life,Rare,
Ocean Dragon Lord -- Neo-Daedalus,Water of Life,Rare,
Orca Mega-Fortress of Darkness,Water of Life,Rare,
Raging Eria,Water of Life,Rare,
Salvage,Water of Life,Rare,
Serpentine Princess,Water of Life,Rare,
Star Boy,Water of Life,Rare,
Terrorking Salmon,Water of Life,Rare,
Tornado Wall,Water of Life,Rare,
Unshaven Angler,Water of Life,Rare,
Yomi Ship,Water of Life,Rare,
7 Colored Fish,Water of Life,Common,
Amphibian Beast,Water of Life,Common,
Beelze Frog,Water of Life,Common,
Big Wave Small Wave,Water of Life,Common,
Cannonball Spear Shellfish,Water of Life,Common,
Crazy Fish,Water of Life,Common,
Creeping Doom Manta,Water of Life,Common,
D.3.S. Frog,Water of Life,Common,
Deepsea Warrior,Water of Life,Common,
Des Croaking,Water of Life,Common,
Des Frog,Water of Life,Common,
Don Turtle,Water of Life,Common,
Fairy of the Fountain,Water of Life,Common,
Grass Phantom,Water of Life,Common,
Hide Tide Gyojin,Water of Life,Common,
Jam Defender,Water of Life,Common,
Kabazauls,Water of Life,Common,
Lekunga,Water of Life,Common,
Mermaid Knight,Water of Life,Common,
Poison Draw Frog,Water of Life,Common,
Revival Jam,Water of Life,Common,
Sea Serpent Warrior of Darkness,Water of Life,Common,
Skull Mariner,Water of Life,Common,
Steel Shell,Water of Life,Common,
T.A.D.P.O.L.E.,Water of Life,Common,
Takriminos,Water of Life,Common,
The Legendary Fisherman,Water of Life,Common,
Torpedo Fish,Water of Life,Common,
Violent Rain,Water of Life,Common,
Black Ptera,Gift of Wind,Ultra Rare,
Slate Warrior,Gift of Wind,Ultra Rare,
The Tricky,Gift of Wind,Ultra Rare,
Dreadscythe Slayer,Gift of Wind,Super Rare,
Flying Kamakiri #1,Gift of Wind,Super Rare,
Hand of Nephthys,Gift of Wind,Super Rare,
Insect Princess,Gift of Wind,Super Rare,
Silpheed,Gift of Wind,Super Rare,
Swift Joe Birdman,Gift of Wind,Super Rare,
Adhesive Explosive,Gift of Wind,Rare,
Bladefly,Gift of Wind,Rare,
Garuda the Wind Spirit,Gift of Wind,Rare,
Little-Winguard,Gift of Wind,Rare,
Rallis the Star Bird,Gift of Wind,Rare,
Simorgh, Bird of Divinity,Gift of Wind,Rare
Sonic Jammer,Gift of Wind,Rare,
Storming Wynn,Gift of Wind,Rare,
Tricky's Magic 4,Gift of Wind,Rare,
Whirlwind Prodigy,Gift of Wind,Rare,
Whirlwind Weasel,Gift of Wind,Rare,
4-Starred Ladybug of Doom,Gift of Wind,Common,
Air Eater,Gift of Wind,Common,
Bat,Gift of Wind,Common,
Bombardment Beetle,Gift of Wind,Common,
Chaosrider Gustaph,Gift of Wind,Common,
Crow Goblin,Gift of Wind,Common,
Dancing Elf,Gift of Wind,Common,
Dark Bat,Gift of Wind,Common,
Djinn the Watcher of the Wind,Gift of Wind,Common,
Eagle Eye,Gift of Wind,Common,
Fiend Reflection #1,Gift of Wind,Common,
Flying Fish,Gift of Wind,Common,
Flying Kamakiri #2,Gift of Wind,Common,
Girochin Kuwagata,Gift of Wind,Common,
Gray Wing,Gift of Wind,Common,
Gust Fan,Gift of Wind,Common,
Insect Soldier of the Sky,Gift of Wind,Common,
Kurama,Gift of Wind,Common,
Monstrous Bird,Gift of Wind,Common,
Nin-Ken Dog,Gift of Wind,Common,
Peacock,Gift of Wind,Common,
Queen Bird,Gift of Wind,Common,
Roc from the Valley of Haze,Gift of Wind,Common,
Sky Dragon,Gift of Wind,Common,
Sonic Duck,Gift of Wind,Common,
Spirit of the Books,Gift of Wind,Common,
The All-Seeing Tiger,Gift of Wind,Common,
Wing Eagle,Gift of Wind,Common,
Winged Dragon, Guardian of the Fortress #2,Gift of Wind,Common
Winged Sage Falcos,Gift of Wind,Common,
Yamatano Dragon Scroll,Gift of Wind,Common,
Elemental Mistress Doriado,Platinum Light,Ultra Rare,
Golden Homunculus,Platinum Light,Ultra Rare,
Zaborg the Thunder Monarch,Platinum Light,Ultra Rare,
Batteryman AA,Platinum Light,Super Rare,
Freed the Brave Wanderer,Platinum Light,Super Rare,
Helios Tris Megistus,Platinum Light,Super Rare,
Ninja Grandmaster Sasuke,Platinum Light,Super Rare,
Reflect Bounder,Platinum Light,Super Rare,
Shining Angel,Platinum Light,Super Rare,
Super Conductor Tyranno,Platinum Light,Super Rare,
The Creator,Platinum Light,Super Rare,
Andro Sphinx,Platinum Light,Rare,
Battery Charger,Platinum Light,Rare,
Emes the Infinity,Platinum Light,Rare,
Gilford the Lightning,Platinum Light,Rare,
Helios Duo Megistus,Platinum Light,Rare,
Hoshiningen,Platinum Light,Rare,
Kaiser Sea Horse,Platinum Light,Rare,
Mystical Knight of Jackal,Platinum Light,Rare,
Soul of Purity and Light,Platinum Light,Rare,
Sphinx Teleia,Platinum Light,Rare,
Super-Electromagnetic Voltech Dragon,Platinum Light,Rare,
The Creator Incarnate,Platinum Light,Rare,
Theinen the Great Sphinx,Platinum Light,Rare,
Batteryman C,Platinum Light,Common,
Batteryman D,Platinum Light,Common,
Beckoning Light,Platinum Light,Common,
Binding Chain,Platinum Light,Common,
Bio-Mage,Platinum Light,Common,
Bright Castle,Platinum Light,Common,
Dark Artist,Platinum Light,Common,
Doriado's Blessing,Platinum Light,Common,
Dreamsprite,Platinum Light,Common,
Dunames Dark Witch,Platinum Light,Common,
Element Magician,Platinum Light,Common,
Element Valkyrie,Platinum Light,Common,
Elf's Light,Platinum Light,Common,
Fiend Reflection #2,Platinum Light,Common,
Helios - The Primordial Sun,Platinum Light,Common,
Homunuclus the Alchemic Being,Platinum Light,Common,
Jack's Knight,Platinum Light,Common,
King's Knight,Platinum Light,Common,
Maiden of the Moonlight,Platinum Light,Common,
Oscillo Hero #2,Platinum Light,Common,
Pyramid of Light,Platinum Light,Common,
Queen's Knight,Platinum Light,Common,
Ray &amp, Temperature,Platinum Light,Common
Ray of Hope,Platinum Light,Common,
Shining Friendship,Platinum Light,Common,
Solar Ray,Platinum Light,Common,
Teva,Platinum Light,Common,
Wingweaver,Platinum Light,Common,
Guardian Sphinx,Earth Dwellers,Ultra Rare,
Megarock Dragon,Earth Dwellers,Ultra Rare,
Tyranno Infinity,Earth Dwellers,Ultra Rare,
Black Stego,Earth Dwellers,Super Rare,
Doom Dozer,Earth Dwellers,Super Rare,
Giant Rat,Earth Dwellers,Super Rare,
Gigantes,Earth Dwellers,Super Rare,
Marauding Captain,Earth Dwellers,Super Rare,
Master Monk,Earth Dwellers,Super Rare,
Stone Statue of the Aztecs,Earth Dwellers,Super Rare,
Ultimate Tyranno,Earth Dwellers,Super Rare,
Avalanching Aussa,Earth Dwellers,Rare,
Criosphinx,Earth Dwellers,Rare,
Exxod, Master of the Guard,Earth Dwellers,Rare
Gemini Elf,Earth Dwellers,Rare,
Gilasaurus,Earth Dwellers,Rare,
Gilford the Legend,Earth Dwellers,Rare,
Goblin Attack Force,Earth Dwellers,Rare,
Golem Sentry,Earth Dwellers,Rare,
Hieracosphinx,Earth Dwellers,Rare,
Howling Insect,Earth Dwellers,Rare,
Insect Knight,Earth Dwellers,Rare,
Legendary Jujitsu Master,Earth Dwellers,Rare,
Maximum Six,Earth Dwellers,Rare,
Milus Radiant,Earth Dwellers,Rare,
The Rock Spirit,Earth Dwellers,Rare,
The Trojan Horse,Earth Dwellers,Rare,
Axe Raider,Earth Dwellers,Common,
Babycerasaurus,Earth Dwellers,Common,
Blockman,Earth Dwellers,Common,
Chu-Ske the Mouse Fighter,Earth Dwellers,Common,
Cobraman Sukuzy,Earth Dwellers,Common,
Disc Fighter,Earth Dwellers,Common,
Enraged Muka Muka,Earth Dwellers,Common,
Ghost Knight of Jackal,Earth Dwellers,Common,
Gokipon,Earth Dwellers,Common,
Granmarg the Rock Monarch,Earth Dwellers,Common,
Grave Ohja,Earth Dwellers,Common,
Great Spirit,Earth Dwellers,Common,
Guardian Statue,Earth Dwellers,Common,
Invigoration,Earth Dwellers,Common,
Jerry Beans Man,Earth Dwellers,Common,
Kaminote Blow,Earth Dwellers,Common,
Legacy Hunter,Earth Dwellers,Common,
Legendary Black Belt,Earth Dwellers,Common,
Lost Guardian,Earth Dwellers,Common,
Millennium Scorpion,Earth Dwellers,Common,
Mine Golem,Earth Dwellers,Common,
Minefield Eruption,Earth Dwellers,Common,
Miracle Jurassic Egg,Earth Dwellers,Common,
Monk Fighter,Earth Dwellers,Common,
Neo Bug,Earth Dwellers,Common,
Parasitic Ticky,Earth Dwellers,Common,
Rock Bombardment,Earth Dwellers,Common,
Sand Moth,Earth Dwellers,Common,
Call of the Haunted,Lucky Economy Pack ,Ultra Rare,
Gravity Bind,Lucky Economy Pack ,Ultra Rare,
Spell Economics,Lucky Economy Pack ,Ultra Rare,
Chain Energy,Lucky Economy Pack ,Super Rare,
Convulsion of Nature,Lucky Economy Pack ,Super Rare,
Kunai with Chains,Lucky Economy Pack ,Super Rare,
Mask of Dispel,Lucky Economy Pack ,Super Rare,
Shadow Spell,Lucky Economy Pack ,Super Rare,
Spirit Barrier,Lucky Economy Pack ,Super Rare,
The Eye of Truth,Lucky Economy Pack ,Super Rare,
Anti-Spell Fragrance,Lucky Economy Pack ,Rare,
Archfiend's Oath,Lucky Economy Pack ,Rare,
Blast with Chain,Lucky Economy Pack ,Rare,
Burning Land,Lucky Economy Pack ,Rare,
Chorus of Sanctuary,Lucky Economy Pack ,Rare,
DNA Transplant,Lucky Economy Pack ,Rare,
Graverobber's Retribution,Lucky Economy Pack ,Rare,
Skull Invitation,Lucky Economy Pack ,Rare,
Stumbling,Lucky Economy Pack ,Rare,
Swords of Concealing Light,Lucky Economy Pack ,Rare,
Toll,Lucky Economy Pack ,Rare,
Vengeful Bog Spirit,Lucky Economy Pack ,Rare,
Aqua Chorus,Lucky Economy Pack ,Common,
Banner of Courage,Lucky Economy Pack ,Common,
Card Shuffle,Lucky Economy Pack ,Common,
D.D. Borderline,Lucky Economy Pack ,Common,
Enervating Mist,Lucky Economy Pack ,Common,
Forest,Lucky Economy Pack ,Common,
Impenetrable Formation,Lucky Economy Pack ,Common,
Infinite Cards,Lucky Economy Pack ,Common,
Insect Barrier,Lucky Economy Pack ,Common,
Inspection,Lucky Economy Pack ,Common,
Jam Breeding Machine,Lucky Economy Pack ,Common,
Kishido Spirit,Lucky Economy Pack ,Common,
Labyrinth of Nightmare,Lucky Economy Pack ,Common,
Mountain,Lucky Economy Pack ,Common,
Ninjitsu Art of Decoy,Lucky Economy Pack ,Common,
Ninjitsu Art of Transformation,Lucky Economy Pack ,Common,
Prepare to Strike Back,Lucky Economy Pack ,Common,
Recycle,Lucky Economy Pack ,Common,
Respect Play,Lucky Economy Pack ,Common,
Robbin' Zombie,Lucky Economy Pack ,Common,
Senri Eye,Lucky Economy Pack ,Common,
Shattered Axe,Lucky Economy Pack ,Common,
Shifting Shadows,Lucky Economy Pack ,Common,
Sogen,Lucky Economy Pack ,Common,
Spellbinding Circle,Lucky Economy Pack ,Common,
The Regulation of Tribe,Lucky Economy Pack ,Common,
Two-Man Cell Battle,Lucky Economy Pack ,Common,
Type Zero Magic Crusher,Lucky Economy Pack ,Common,
Umi,Lucky Economy Pack ,Common,
Wasteland,Lucky Economy Pack ,Common,
World Suppression,Lucky Economy Pack ,Common,
Yami,Lucky Economy Pack ,Common,
Yellow Luster Shield,Lucky Economy Pack ,Common,
Cyber Jar,Flip the Picture,Ultra Rare,
Mask of Darkness,Flip the Picture,Ultra Rare,
Morphing Jar,Flip the Picture,Ultra Rare,
Magical Merchant,Flip the Picture,Super Rare,
Magician of Faith,Flip the Picture,Super Rare,
Morphing Jar #2,Flip the Picture,Super Rare,
Night Assailant,Flip the Picture,Super Rare,
Penguin Soldier,Flip the Picture,Super Rare,
Spear Cretin,Flip the Picture,Super Rare,
Des Feral Imp,Flip the Picture,Rare,
Dice Jar,Flip the Picture,Rare,
Electromagnetic Bagworm,Flip the Picture,Rare,
Green Kappa,Flip the Picture,Rare,
Hiro's Shadow Scout,Flip the Picture,Rare,
Jowels of Dark Demise,Flip the Picture,Rare,
Man-Eater Bug,Flip the Picture,Rare,
Mysterious Guard,Flip the Picture,Rare,
Needle Worm,Flip the Picture,Rare,
Nobleman-Eater Bug,Flip the Picture,Rare,
Old Vindictive Magician,Flip the Picture,Rare,
Searchlightman,Flip the Picture,Rare,
Skelengel,Flip the Picture,Rare,
Armed Ninja,Flip the Picture,Common,
Big Eye,Flip the Picture,Common,
Bite Shoes,Flip the Picture,Common,
Brain Jacker,Flip the Picture,Common,
Cobra Jar,Flip the Picture,Common,
Crimson Ninja,Flip the Picture,Common,
Dark Cat with White Tail,Flip the Picture,Common,
Darke-Eyes Illusionist,Flip the Picture,Common,
Dimension Jar,Flip the Picture,Common,
Dummy Golem,Flip the Picture,Common,
Gale Lizard,Flip the Picture,Common,
Guard Dog,Flip the Picture,Common,
Hade-Hane,Flip the Picture,Common,
Hane-Hane,Flip the Picture,Common,
Invader of the Throne,Flip the Picture,Common,
Needle Ball,Flip the Picture,Common,
Parasite Paracide,Flip the Picture,Common,
Poison Mummy,Flip the Picture,Common,
Princess of Tsurugi,Flip the Picture,Common,
Rafflesia Seduction,Flip the Picture,Common,
Reaper of the Cards,Flip the Picture,Common,
Spirit Caller,Flip the Picture,Common,
The Immortal of Thunder,Flip the Picture,Common,
The Stern Mystic,Flip the Picture,Common,
Tornado Bird,Flip the Picture,Common,
Trap Master,Flip the Picture,Common,
Weather Report,Flip the Picture,Common,
White Ninja,Flip the Picture,Common,
Witch Doctor of Chaos,Flip the Picture,Common,
Axe of Despair,Equip Me,Ultra Rare,
Megamorph,Equip Me,Ultra Rare,
Premature Burial,Equip Me,Ultra Rare,
Armed Samurai - Ben Kei,Equip Me,Super Rare,
Gravity Axe - Garl,Equip Me,Super Rare,
Iron Blacksmith Kotetsu,Equip Me,Super Rare,
Maha Vailo,Equip Me,Super Rare,
Twin Swords of Flashing Light - Tryce,Equip Me,Super Rare,
Wicked-Breaking Flamberge - Baou,Equip Me,Super Rare,
Autonomous Action Unit,Equip Me,Rare,
Black Pendant,Equip Me,Rare,
Collected Power,Equip Me,Rare,
Demotion,Equip Me,Rare,
Ekibyo Drakmord,Equip Me,Rare,
Fairy of the Spring,Equip Me,Rare,
Flint,Equip Me,Rare,
Fuhma Shuriken,Equip Me,Rare,
Heart of Clear Water,Equip Me,Rare,
Malevolent Nuzzler,Equip Me,Rare,
Mask of Brutality,Equip Me,Rare,
Mistobody,Equip Me,Rare,
Raregold Armor,Equip Me,Rare,
Ring of Magnetism,Equip Me,Rare,
Scroll of Bewitchment,Equip Me,Rare,
Arsenal Robber,Equip Me,Common,
Arsenal Summoner,Equip Me,Common,
Ballista of Rampart Smashing,Equip Me,Common,
Buster Rancher,Equip Me,Common,
Cyber Raider,Equip Me,Common,
Disarmament,Equip Me,Common,
Electro-Whip,Equip Me,Common,
Eternal Rest,Equip Me,Common,
Follow Wind,Equip Me,Common,
Germ Infection,Equip Me,Common,
Guardian Baou,Equip Me,Common,
Guardian Ceal,Equip Me,Common,
Guardian Grarl,Equip Me,Common,
Guardian Kay'est,Equip Me,Common,
Guardian Tryce,Equip Me,Common,
Guardian Elma,Equip Me,Common,
Horn of Light,Equip Me,Common,
Horn of the Unicorn,Equip Me,Common,
Insect Armor with Laser Cannon,Equip Me,Common,
Laser Cannon Armor,Equip Me,Common,
Mystical Moon,Equip Me,Common,
Nitro Unit,Equip Me,Common,
Paralyzing Potion,Equip Me,Common,
Power of Kaishin,Equip Me,Common,
Raise Body Heat,Equip Me,Common,
Really Eternal Rest,Equip Me,Common,
Rod of Silence - Kay'est,Equip Me,Common,
Rod of the Mind's Eye,Equip Me,Common,
Smoke Grenade of the Thief,Equip Me,Common,
Stim-Pack,Equip Me,Common,
Sword of Deep-Seated,Equip Me,Common,
Symbol of Heritage,Equip Me,Common,
Tailor of the Fickle,Equip Me,Common,
Vile Germs,Equip Me,Common,
Woodland Sprite,Equip Me,Common,
Cathedral of Nobles,More Eternal Memories,Ultra Rare,
Destiny Board,More Eternal Memories,Ultra Rare,
Level Limit - Area B,More Eternal Memories,Ultra Rare,
Ground Collapse,More Eternal Memories,Super Rare,
Messenger of Peace,More Eternal Memories,Super Rare,
Metal Reflect Slime,More Eternal Memories,Super Rare,
Ordeal of a Traveler,More Eternal Memories,Super Rare,
Skull Zoma,More Eternal Memories,Super Rare,
Spatial Collapse,More Eternal Memories,Super Rare,
Ultimate Offering,More Eternal Memories,Super Rare,
Wall of Revealing Light,More Eternal Memories,Super Rare,
Dangerous Machine TYPE-6,More Eternal Memories,Rare,
DNA Surgery,More Eternal Memories,Rare,
Embodiment of Apophis,More Eternal Memories,Rare,
Fairy Box,More Eternal Memories,Rare,
Final Attack Orders,More Eternal Memories,Rare,
Level Limit - Area A,More Eternal Memories,Rare,
Light of Intervention,More Eternal Memories,Rare,
Mask of Restrict,More Eternal Memories,Rare,
Mirror Wall,More Eternal Memories,Rare,
Non-Spellcasting Area,More Eternal Memories,Rare,
Robbin' Goblin,More Eternal Memories,Rare,
Second Coin Toss,More Eternal Memories,Rare,
Silent Insect,More Eternal Memories,Rare,
Terraforming,More Eternal Memories,Rare,
Array of Revealing Light,More Eternal Memories,Common,
Canyon,More Eternal Memories,Common,
Chain Burst,More Eternal Memories,Common,
Curse of Darkness,More Eternal Memories,Common,
Different Dimension Gate,More Eternal Memories,Common,
Dimensional Fissure,More Eternal Memories,Common,
Elemental Absorber,More Eternal Memories,Common,
Fatal Abacus,More Eternal Memories,Common,
Forced Requisition,More Eternal Memories,Common,
Gaia Power,More Eternal Memories,Common,
Gravekeeper's Servant,More Eternal Memories,Common,
Lighten the Load,More Eternal Memories,Common,
Luminous Spark,More Eternal Memories,Common,
Magical Thorn,More Eternal Memories,Common,
Malice Dispersion,More Eternal Memories,Common,
Malice Doll of Demise,More Eternal Memories,Common,
Minor Goblin Official,More Eternal Memories,Common,
Molten Destruction,More Eternal Memories,Common,
Mystic Plasma Zone,More Eternal Memories,Common,
Nubian Guard,More Eternal Memories,Common,
Prohibition,More Eternal Memories,Common,
Rising Air Current,More Eternal Memories,Common,
Seismic Shockwave,More Eternal Memories,Common,
Spell Purification,More Eternal Memories,Common,
Spirit Message 'A',More Eternal Memories,Common,
Spirit Message 'I',More Eternal Memories,Common,
Spirit Message 'L',More Eternal Memories,Common,
Spirit Message 'N',More Eternal Memories,Common,
Tower of Babel,More Eternal Memories,Common,
Umiiruka,More Eternal Memories,Common,
Xing Zhen Hu,More Eternal Memories,Common,
Book of Moon,Speed King,Ultra Rare,
Solemn Judgement,Speed King,Ultra Rare,
Cursed Seal of the Forbidden Spell,Speed King,Super Rare,
Dark Ruler Vandalgyon,Speed King,Super Rare,
Divine Wrath,Speed King,Super Rare,
Judgement of Anubis,Speed King,Super Rare,
Seven Tools of the Bandit,Speed King,Super Rare,
Voltanis the Adjudicator,Speed King,Super Rare,
Barrel Behind the Door,Speed King,Rare,
Bountiful Artemis,Speed King,Rare,
Forced Back,Speed King,Rare,
Magic Jammer,Speed King,Rare,
Shrink,Speed King,Rare,
Spell Shield Type-8,Speed King,Rare,
Trap Jammer,Speed King,Rare,
Triage,Speed King,Rare,
Armor Break,Speed King,Common,
Curse of Royal,Speed King,Common,
Dedication through Light and Darkness,Speed King,Common,
Goblin Out of the Frying Pan,Speed King,Common,
Graceful Dice,Speed King,Common,
Horn of Heaven,Speed King,Common,
Layard the Liberator,Speed King,Common,
Magic Drain,Speed King,Common,
Malfunction,Speed King,Common,
Multiply,Speed King,Common,
Negate Attack,Speed King,Common,
Pigeonholing Books of Spell,Speed King,Common,
Pyramid Energy,Speed King,Common,
Riryoku Field,Speed King,Common,
Royal Surrender,Speed King,Common,
Rusk Recklessly,Speed King,Common,
Serial Spell,Speed King,Common,
Soul Reversal,Speed King,Common,
Spell of Pain,Speed King,Common,
Spell Vanishing,Speed King,Common,
Spell-Stopping Statue,Speed King,Common,
Synthetic Seraphim,Speed King,Common,
The Reliable Guardian,Speed King,Common,
Trap of Board Eraser,Speed King,Common,
Tutan Mask,Speed King,Common,
Toon Cannon Soldier,Spice of Duel,Ultra Rare,
Tsukuyomi,Spice of Duel,Ultra Rare,
VWXYZ - Dragon Catapult Dragon,Spice of Duel,Ultra Rare,
Asura Priest,Spice of Duel,Super Rare,
Corpse of Yata-Garasu,Spice of Duel,Super Rare,
Heavy Mech Support Platform,Spice of Duel,Super Rare,
Hino-Kagu-Tsuchi,Spice of Duel,Super Rare,
Toon Summoned Skull,Spice of Duel,Super Rare,
Toon Table of Contents,Spice of Duel,Super Rare,
Toon World,Spice of Duel,Super Rare,
XYZ - Dragon Cannon,Spice of Duel,Super Rare,
Dark Dust Spirit,Spice of Duel,Rare,
Giant Orc,Spice of Duel,Rare,
Indomitable Fighter Lei Lei,Spice of Duel,Rare,
Roll Out!,Spice of Duel,Rare,
Toon Dark Magician Girl,Spice of Duel,Rare,
Toon Gemini Elf,Spice of Duel,Rare,
Toon Goblin Attack Force,Spice of Duel,Rare,
X - Head Head Cannon,Spice of Duel,Rare,
XY - Dragon Cannon,Spice of Duel,Rare,
XZ - Tank Cannon,Spice of Duel,Rare,
Yamata Dragon,Spice of Duel,Rare,
Y - Dragon Head,Spice of Duel,Rare,
YZ - Tank Dragon,Spice of Duel,Rare,
Z - Metal Tank,Spice of Duel,Rare,
Blue-Eyes Toon White Dragon,Spice of Duel,Common,
Burning Blast,Spice of Duel,Common,
Combination Attack,Spice of Duel,Common,
Dark Blade,Spice of Duel,Common,
Dark Blade the Dragon Knight,Spice of Duel,Common,
Decayed Commander,Spice of Duel,Common,
Des Dendle,Spice of Duel,Common,
Fengsheng Mirror,Spice of Duel,Common,
Formation Union,Spice of Duel,Common,
Freezing Beast,Spice of Duel,Common,
Frontline Base,Spice of Duel,Common,
Fushi No Tori,Spice of Duel,Common,
Great Long Nose,Spice of Duel,Common,
Kiryu,Spice of Duel,Common,
Maharaghi,Spice of Duel,Common,
Manga Ryu-Ran,Spice of Duel,Common,
Metallizing Parasite - Lunatite,Spice of Duel,Common,
Otohime,Spice of Duel,Common,
Pitch-Dark Dragon,Spice of Duel,Common,
Protective Soul Ailin,Spice of Duel,Common,
Second Goblin,Spice of Duel,Common,
Spirit's Invitation,Spice of Duel,Common,
Spiritual Energy Settle Machine,Spice of Duel,Common,
Susa Soldier,Spice of Duel,Common,
Toon Defense,Spice of Duel,Common,
Toon Masked Sorcerer,Spice of Duel,Common,
Toon Mermaid,Spice of Duel,Common,
Union Rider,Spice of Duel,Common,
Vampire Orchis,Spice of Duel,Common,
V - Tiger Jet,Spice of Duel,Common,
VW - Tiger Catapult,Spice of Duel,Common,
W - Wing Catapult,Spice of Duel,Common,
Zombie Tiger,Spice of Duel,Common,
Banisher of Radiance,Fairy’s Sky,Ultra Rare,
Marshmallon,Fairy’s Sky,Ultra Rare,
Sanctuary in the Sky,Fairy’s Sky,Ultra Rare,
Archlord Zerato,Fairy’s Sky,Super Rare,
Banisher of the Light,Fairy’s Sky,Super Rare,
Begone, Knave!,Fairy’s Sky,Super Rare
Celestial Transformation,Fairy’s Sky,Super Rare,
Kelbek,Fairy’s Sky,Super Rare,
Majestic Mech -- Goryu,Fairy’s Sky,Super Rare,
The Agent of Judgement -- Saturn,Fairy’s Sky,Super Rare,
Cestus of Dagla,Fairy’s Sky,Rare,
Herald of Green Light,Fairy’s Sky,Rare,
Herald of Purple Light,Fairy’s Sky,Rare,
Kotodama,Fairy’s Sky,Rare,
Majestic Mech -- Ohka,Fairy’s Sky,Rare,
Miraculous Descent,Fairy’s Sky,Rare,
Moisture Creature,Fairy’s Sky,Rare,
Mystical Beast Serket,Fairy’s Sky,Rare,
Mudora,Fairy’s Sky,Rare,
Watapon,Fairy’s Sky,Rare,
Agido,Fairy’s Sky,Common,
Dark Witch,Fairy’s Sky,Common,
Goddess of Whim,Fairy’s Sky,Common,
Happy Lover,Fairy’s Sky,Common,
Hourglass of Courage,Fairy’s Sky,Common,
Hourglass of Life,Fairy’s Sky,Common,
Keldo,Fairy’s Sky,Common,
Key Mace,Fairy’s Sky,Common,
Light of Judgement,Fairy’s Sky,Common,
Majestic Mech -- Senku,Fairy’s Sky,Common,
Marshmallon Glasses,Fairy’s Sky,Common,
Mokey Mokey,Fairy’s Sky,Common,
Mokey Mokey King,Fairy’s Sky,Common,
Mokey Mokey Smackdown,Fairy’s Sky,Common,
Muse-A,Fairy’s Sky,Common,
Mystical Shining Ball,Fairy’s Sky,Common,
Shining Abyss,Fairy’s Sky,Common,
Silver Bow and Arrow,Fairy’s Sky,Common,
Spirit of the Harp,Fairy’s Sky,Common,
St. Joan,Fairy’s Sky,Common,
Tenderness,Fairy’s Sky,Common,
The Agent of Creation -- Venus,Fairy’s Sky,Common,
The Agent of Force -- Mars,Fairy’s Sky,Common,
The Agent of Wisdom -- Mercury,Fairy’s Sky,Common,
The Forgiving Maiden,Fairy’s Sky,Common,
Warrior of Zera,Fairy’s Sky,Common,
Wing Egg Elf,Fairy’s Sky,Common,
Winged Egg of New Life,Fairy’s Sky,Common,
Dragon's Mirror,Dragon Drive,Ultra Rare,
F.G.D.,Dragon Drive,Ultra Rare,
White Horns D.,Dragon Drive,Ultra Rare,
Des Volstgalph,Dragon Drive,Super Rare,
Kaiser Glider,Dragon Drive,Super Rare,
Masked Dragon,Dragon Drive,Super Rare,
Master of Dragon Soldier,Dragon Drive,Super Rare,
Meteor B. Dragon,Dragon Drive,Super Rare,
Mirage Dragon,Dragon Drive,Super Rare,
Stamping Destruction,Dragon Drive,Super Rare,
Axe Dragonute,Dragon Drive,Rare,
Blue-Eyes Shining Dragon,Dragon Drive,Rare,
Crush D. Gandra,Dragon Drive,Rare,
Dragon's Rage,Dragon Drive,Rare,
Red-Eyes B. Chick,Dragon Drive,Rare,
Red-Eyes Darkness Dragon,Dragon Drive,Rare,
Spirit Ryu,Dragon Drive,Rare,
The Dragon Dwelling in the Cave,Dragon Drive,Rare,
Troop Dragon,Dragon Drive,Rare,
Twin-Headed Behemoth,Dragon Drive,Rare,
A Wingbeat of Giant Dragon,Dragon Drive,Common,
B. Dragon Jungle King,Dragon Drive,Common,
B. Skull Dragon,Dragon Drive,Common,
Burst Breath,Dragon Drive,Common,
Cave Dragon,Dragon Drive,Common,
Crawling Dragon,Dragon Drive,Common,
D. Tribe,Dragon Drive,Common,
Divine Dragon -- Excelion,Dragon Drive,Common,
Dragon Capture Jar,Dragon Drive,Common,
Dragon Manipulator,Dragon Drive,Common,
Dragon Piper,Dragon Drive,Common,
Dragon Seeker,Dragon Drive,Common,
Dragon Treasure,Dragon Drive,Common,
Dragonic Attack,Dragon Drive,Common,
Dragon's Gunfire,Dragon Drive,Common,
Element Dragon,Dragon Drive,Common,
Gaia the Dragon Champion,Dragon Drive,Common,
Lizard Soldier,Dragon Drive,Common,
Meteor Dragon,Dragon Drive,Common,
Parrot Dragon,Dragon Drive,Common,
Rare Metal Dragon,Dragon Drive,Common,
Super Rejuvenation,Dragon Drive,Common,
The Dragon's Bead,Dragon Drive,Common,
Thousand Dragon,Dragon Drive,Common,
Warrior Dai Grepher,Dragon Drive,Common,
Wicked Dragon with the Ersatz Head,Dragon Drive,Common,
Dark Ruler Ha Des,Fiend Night,Ultra Rare,
Great Maju Garzett,Fiend Night,Ultra Rare,
Skull Archfiend of Lightning,Fiend Night,Ultra Rare,
Dark Necrofear,Fiend Night,Super Rare,
Dark Word Lightning,Fiend Night,Super Rare,
Goblin King,Fiend Night,Super Rare,
Goldd, Wu-Lord of Dark World,Fiend Night,Super Rare
Legendary Fiend,Fiend Night,Super Rare,
Pandemonium,Fiend Night,Super Rare,
Terrorking Archfiend,Fiend Night,Super Rare,
Brron, Mad King of Dark World,Fiend Night,Rare
Emissary of the Afterlife,Fiend Night,Rare,
Falling Down,Fiend Night,Rare,
Gateway to Dark World,Fiend Night,Rare,
Goblin Elite Attack Force,Fiend Night,Rare,
Infernalqueen Archfiend,Fiend Night,Rare,
Lesser Fiend,Fiend Night,Rare,
Mazera DeVille,Fiend Night,Rare,
Possessed Dark Soul,Fiend Night,Rare,
Sillva, Warlord of Dark World,Fiend Night,Rare
Archfiend's Roar,Fiend Night,Common,
Aswan Apparitition,Fiend Night,Common,
Bark of Dark Ruler,Fiend Night,Common,
Battle-Scarred,Fiend Night,Common,
Beiige, Vanguard of Dark World,Fiend Night,Common
Broww, Huntsman of Dark World,Fiend Night,Common
Checkmate,Fiend Night,Common,
Dark Deal,Fiend Night,Common,
Dark Energy,Fiend Night,Common,
Darkbishop Archfiend,Fiend Night,Common,
Desrock Archfiend,Fiend Night,Common,
Exile of the Wicked,Fiend Night,Common,
Giant Kozaky,Fiend Night,Common,
Goblin of Greed,Fiend Night,Common,
Grave Protector,Fiend Night,Common,
Helpoemer,Fiend Night,Common,
Inferno Hammer,Fiend Night,Common,
Kozaky,Fiend Night,Common,
Maju Garzett,Fiend Night,Common,
Pandemonium Watchbear,Fiend Night,Common,
Puppet Master,Fiend Night,Common,
Scarr, Scout of Dark World,Fiend Night,Common
Shadowknight Archfiend,Fiend Night,Common,
Skull Knight #2,Fiend Night,Common,
Soul Demolition,Fiend Night,Common,
The Cheerful Coffin,Fiend Night,Common,
The Forces of Darkness,Fiend Night,Common,
The Puppet Magic of Dark Ruler,Fiend Night,Common,
Theban Nightmare,Fiend Night,Common,
Vilepawn Archfiend,Fiend Night,Common,
Winged Minion,Fiend Night,Common,
Zure, Knight of Dark World,Fiend Night,Common
Chaos Sorcerer,Skillful Spellcasters,Ultra Rare,
Dark Magician of Chaos,Skillful Spellcasters,Ultra Rare,
Jowgen the Spiritualist,Skillful Spellcasters,Ultra Rare,
Apprentice Magician,Skillful Spellcasters,Super Rare,
Gravekeeper's Spy,Skillful Spellcasters,Super Rare,
Magical Dimension,Skillful Spellcasters,Super Rare,
Magician's Circle,Skillful Spellcasters,Super Rare,
Necrovalley,Skillful Spellcasters,Super Rare,
Skilled Dark Magician,Skillful Spellcasters,Super Rare,
Summon Priest,Skillful Spellcasters,Super Rare,
A Cat of Ill Omen,Skillful Spellcasters,Rare,
Blast Magician,Skillful Spellcasters,Rare,
D.D.M. -- Different Dimension Master,Skillful Spellcasters,Rare,
Diffusion Wave-Motion,Skillful Spellcasters,Rare,
Gravekeeper's Chief,Skillful Spellcasters,Rare,
Gravekeeper's Spear Soldier,Skillful Spellcasters,Rare,
Kycoo the Ghost Destroyer,Skillful Spellcasters,Rare,
Magical Marionette,Skillful Spellcasters,Rare,
Magician's Valkyria,Skillful Spellcasters,Rare,
Royal Tribute,Skillful Spellcasters,Rare,
A Man with Wdjat,Skillful Spellcasters,Common,
An Owl of Luck,Skillful Spellcasters,Common,
Anti-Spell,Skillful Spellcasters,Common,
Armor Exe,Skillful Spellcasters,Common,
Book of Secret Arts,Skillful Spellcasters,Common,
Charm of Shabti,Skillful Spellcasters,Common,
Dryad,Skillful Spellcasters,Common,
Exhausting Spell,Skillful Spellcasters,Common,
Gravekeeper's Assailant,Skillful Spellcasters,Common,
Gravekeeper's Cannonholder,Skillful Spellcasters,Common,
Gravekeeper's Curse,Skillful Spellcasters,Common,
Gravekeeper's Guard,Skillful Spellcasters,Common,
Gravekeeper's Vassal,Skillful Spellcasters,Common,
Gravekeeper's Watcher,Skillful Spellcasters,Common,
Hannibal Necromancer,Skillful Spellcasters,Common,
Last Day of Witch,Skillful Spellcasters,Common,
Magical Blast,Skillful Spellcasters,Common,
Magical Plant Mandragola,Skillful Spellcasters,Common,
Magician's Unite,Skillful Spellcasters,Common,
Mega Ton Magical Cannon,Skillful Spellcasters,Common,
Miracle Restoring,Skillful Spellcasters,Common,
Mythical Beast Cerberus,Skillful Spellcasters,Common,
Peten the Dark Clown,Skillful Spellcasters,Common,
Pitch-Black Power Stone,Skillful Spellcasters,Common,
Pixie Knight,Skillful Spellcasters,Common,
Rite of Spirit,Skillful Spellcasters,Common,
Sand Gambler,Skillful Spellcasters,Common,
Skilled White Magician,Skillful Spellcasters,Common,
Toy Magician,Skillful Spellcasters,Common,
Book of Life,Cold Skin,Ultra Rare,
Pyramid Turtle,Cold Skin,Ultra Rare,
Vampire Lord,Cold Skin,Ultra Rare,
Berserk Dragon,Cold Skin,Super Rare,
Des Lacooda,Cold Skin,Super Rare,
King of the Skull Servants,Cold Skin,Super Rare,
Overpowering Eye,Cold Skin,Super Rare,
Ryu Kokki,Cold Skin,Super Rare,
Soul-Absorbing Bone Tower,Cold Skin,Super Rare,
Spirit Reaper,Cold Skin,Super Rare,
Call of the Mummy,Cold Skin,Rare,
Fear from the Dark,Cold Skin,Rare,
Fushioh Richie,Cold Skin,Rare,
Great Dezard,Cold Skin,Rare,
Patrician of Darkness,Cold Skin,Rare,
Reaper on the Nightmare,Cold Skin,Rare,
Royal Keeper,Cold Skin,Rare,
Spirit of the Pharaoh,Cold Skin,Rare,
The First Sarcpohagus,Cold Skin,Rare,
Vampire Genesis,Cold Skin,Rare,
A Deal with Dark Ruler,Cold Skin,Common,
Blood Sucker,Cold Skin,Common,
Castle of Dark Illusions,Cold Skin,Common,
Chopman the Desperate Outlaw,Cold Skin,Common,
Clown Zombie,Cold Skin,Common,
Despair from the Dark,Cold Skin,Common,
Fiend's Hand,Cold Skin,Common,
Fire Reaper,Cold Skin,Common,
Gernia,Cold Skin,Common,
Giant Axe Mummy,Cold Skin,Common,
Goblin Zombie,Cold Skin,Common,
Malice Ascendant,Cold Skin,Common,
Mech Mole Zombie,Cold Skin,Common,
Nightmare Horse,Cold Skin,Common,
Phantom Ghost,Cold Skin,Common,
Pharaoh's Servant,Cold Skin,Common,
Pumpking the King of Ghosts,Cold Skin,Common,
Reborn Zombie,Cold Skin,Common,
Red-Moon Baby,Cold Skin,Common,
Regenerating Mummy,Cold Skin,Common,
Return Zombie,Cold Skin,Common,
Shadow Ghoul,Cold Skin,Common,
Skull Servant,Cold Skin,Common,
The Kick Man,Cold Skin,Common,
The Second Sarcophagus,Cold Skin,Common,
The Third Sarcophagus,Cold Skin,Common,
The Wandering Doomed,Cold Skin,Common,
Vampire Lady,Cold Skin,Common,
Violet Crystal,Cold Skin,Common,
Wandering Mummy,Cold Skin,Common,
Dark Master -- Zorc,Ritual Dance,Ultra Rare,
Demise, King of Armageddon,Ritual Dance,Ultra Rare
Shinato, King of a Higher Plane,Ritual Dance,Ultra Rare
Contract with the Abyss,Ritual Dance,Super Rare,
Earthchant,Ritual Dance,Super Rare,
Legendary Flame Lord,Ritual Dance,Super Rare,
Manju of the Ten Thousand Hands,Ritual Dance,Super Rare,
Reshef the Dark Being,Ritual Dance,Super Rare,
Ruin, Queen of Oblivion,Ritual Dance,Super Rare
The Masked Beast,Ritual Dance,Super Rare,
Contract with the Dark Master,Ritual Dance,Rare,
Curse of the Masked Beast,Ritual Dance,Rare,
End of the World,Ritual Dance,Rare,
Final Ritual of the Ancients,Ritual Dance,Rare,
Fulfillment of the Contract,Ritual Dance,Rare,
Incandescent Ordeal,Ritual Dance,Rare,
Paladin of White Dragon,Ritual Dance,Rare,
Senju of the Thousand Hands,Ritual Dance,Rare,
Shinato's Ark,Ritual Dance,Rare,
Sonic Bird,Ritual Dance,Rare,
Beastly Mirror Ritual,Ritual Dance,Common,
Chakra,Ritual Dance,Common,
Commencement Dance,Ritual Dance,Common,
Crab Turtle,Ritual Dance,Common,
Dokurorider,Ritual Dance,Common,
Fiend's Mirror,Ritual Dance,Common,
Fortress Whale,Ritual Dance,Common,
Fortress Whale's Oath,Ritual Dance,Common,
Garma Sword,Ritual Dance,Common,
Garma Sword Oath,Ritual Dance,Common,
Hamburger Recipe,Ritual Dance,Common,
Hungry Hamburger,Ritual Dance,Common,
Javelin Beetle,Ritual Dance,Common,
Javelin Beetle Pact,Ritual Dance,Common,
Novox's Prayer,Ritual Dance,Common,
Performance of Sword,Ritual Dance,Common,
Rssurrection of Chakra,Ritual Dance,Common,
Revival of Dokurorider,Ritual Dance,Common,
Ritual Weapon,Ritual Dance,Common,
Samsara,Ritual Dance,Common,
Skull Guardian,Ritual Dance,Common,
Super War-Lion,Ritual Dance,Common,
Turtle Oath,Ritual Dance,Common,
War-Lion Ritual,Ritual Dance,Common,
White Dragon Ritual,Ritual Dance,Common,
Zera Ritual,Ritual Dance,Common,
Zera the Mant,Ritual Dance,Common,
Chimeratech Overdragon,Wave of the Future,Ultra Rare,
Dandylion,Wave of the Future,Ultra Rare,
Destiny Hero -- Dasher,Wave of the Future,Ultra Rare,
Overload Fusion,Wave of the Future,Ultra Rare,
Phantom Beast Rock Lizard,Wave of the Future,Ultra Rare,
Clock Tower Prison,Wave of the Future,Super Rare,
Destiny Hero -- Diamond Dude,Wave of the Future,Super Rare,
Destiny Hero -- Double Dude,Wave of the Future,Super Rare,
Elemental Hero Shining Phoenix Enforcer,Wave of the Future,Super Rare,
Mausoleum of the Emperor,Wave of the Future,Super Rare,
Phantom Beast Cross-Wing,Wave of the Future,Super Rare,
Phantom Beast Thunder-Pegasus,Wave of the Future,Super Rare,
Phantom Beast Wild-Horn,Wave of the Future,Super Rare,
Alien Mother,Wave of the Future,Rare,
Cosmic Horror Gangi'el,Wave of the Future,Rare,
Crop Circles,Wave of the Future,Rare,
D -- Shield,Wave of the Future,Rare,
Dark City,Wave of the Future,Rare,
Destiny Hero -- Dogma,Wave of the Future,Rare,
Destiny Hero -- Dreadmaster,Wave of the Future,Rare,
Destiny Hero -- Fear Monger,Wave of the Future,Rare,
Destiny Signal,Wave of the Future,Rare,
Elemental Hero Aqua Neos,Wave of the Future,Rare,
Elemental Hero Flare Neos,Wave of the Future,Rare,
Elemental Hero Phoenix Enforcer,Wave of the Future,Rare,
Neo Space,Wave of the Future,Rare,
Neo-Spacian Aqua Dolphin,Wave of the Future,Rare,
Sabersaurus,Wave of the Future,Rare,
Alien Grey,Wave of the Future,Common,
Alien Hunter,Wave of the Future,Common,
Alien Skull,Wave of the Future,Common,
Alien Warrior,Wave of the Future,Common,
Brainwashing Beam,Wave of the Future,Common,
Chrysalis Dolphin,Wave of the Future,Common,
Common Soul,Wave of the Future,Common,
Contact,Wave of the Future,Common,
Cyclone Blade,Wave of the Future,Common,
D -- Chain,Wave of the Future,Common,
D -- Spirit,Wave of the Future,Common,
D -- Time,Wave of the Future,Common,
Destiny Hero -- Blade Master,Wave of the Future,Common,
Destiny Hero -- Captain Tenacious,Wave of the Future,Common,
Destiny Hero -- Defender,Wave of the Future,Common,
Destiny Hero -- Doom Lord,Wave of the Future,Common,
Destiny Mirage,Wave of the Future,Common,
Elemental Hero Neos,Wave of the Future,Common,
Fake Hero,Wave of the Future,Common,
Fying Saucer Muusik'i,Wave of the Future,Common,
Misfortune,Wave of the Future,Common,
Neo-Spacian Flare Scarab,Wave of the Future,Common,
Orbital Bombardment,Wave of the Future,Common,
Spell Calling,Wave of the Future,Common,
Exodia Necross,Good Ol Days,Ultra Rare,
Exodia the Forbidden One,Good Ol Days,Ultra Rare,
Mirror Force,Good Ol Days,Ultra Rare,
Chaos Emperor Dragon -- Envoy of the End,Good Ol Days,Super Rare,
Fiber Jar,Good Ol Days,Super Rare,
Left Arm of the Forbidden One,Good Ol Days,Super Rare,
Left Leg of the Forbidden One,Good Ol Days,Super Rare,
Mirage of Nightmare,Good Ol Days,Super Rare,
Right Arm of the Forbidden One,Good Ol Days,Super Rare,
Right Leg of the Forbidden One,Good Ol Days,Super Rare,
Yata-Garasu,Good Ol Days,Super Rare,
Black Luster Soldier -- Envoy of the Beginning,Good Ol Days,Rare,
Butterfly Dagger -- Elma,Good Ol Days,Rare,
Change of Heart,Good Ol Days,Rare,
Delinquent Duo,Good Ol Days,Rare,
Harpie's Feather Duster,Good Ol Days,Rare,
Imperial Order,Good Ol Days,Rare,
Magical Scientist,Good Ol Days,Rare,
Makyura the Destructor,Good Ol Days,Rare,
Painful Choice,Good Ol Days,Rare,
Raigeki,Good Ol Days,Rare,
Ring of Destruction,Good Ol Days,Rare,
Sinister Serpent,Good Ol Days,Rare,
Sixth Sense,Good Ol Days,Rare,
The Forceful Sentry,Good Ol Days,Rare,
Witch of the Black Forest,Good Ol Days,Rare,
Anti-Raigeki,Good Ol Days,Common,
Call of the Dark,Good Ol Days,Common,
Call of the Grave,Good Ol Days,Common,
Cocoon of Evolution,Good Ol Days,Common,
Contract with Exodia,Good Ol Days,Common,
Gale Dogra,Good Ol Days,Common,
Gate Guardian,Good Ol Days,Common,
Great Moth,Good Ol Days,Common,
Gryphon Wing,Good Ol Days,Common,
Kazejin,Good Ol Days,Common,
Labyrinth Wall,Good Ol Days,Common,
Larvae Moth,Good Ol Days,Common,
Magical Labyrinth,Good Ol Days,Common,
Metalmorph,Good Ol Days,Common,
Metalzoa,Good Ol Days,Common,
Perfectly Ultimate Great Moth,Good Ol Days,Common,
Petit Moth,Good Ol Days,Common,
Primal Seed,Good Ol Days,Common,
Red-Eyes Black Metal Dragon,Good Ol Days,Common,
Sanga of the Thunder,Good Ol Days,Common,
Suijin,Good Ol Days,Common,
Wall Shadow,Good Ol Days,Common,
Zoa,Good Ol Days,Common,
Elemental Hero Shining Flame Wingman,Hero Emerges!,Ultra Rare,
Elemental Hero Wildheart,Hero Emerges!,Ultra Rare,
King of the Swamp,Hero Emerges!,Ultra Rare,
Miracle Fusion,Hero Emerges!,Ultra Rare,
E - Emergency Call,Hero Emerges!,Super Rare,
Elemental Hero Bladedge,Hero Emerges!,Super Rare,
Elemental Hero Flame Wingman,Hero Emerges!,Super Rare,
Elemental Hero Thunder Giant,Hero Emerges!,Super Rare,
Elemental Hero Wild Wingman,Hero Emerges!,Super Rare,
Elemental Hero Wildedge,Hero Emerges!,Super Rare,
The Flute of Summoning Kuriboh,Hero Emerges!,Super Rare,
Winged Kuriboh,Hero Emerges!,Super Rare,
A Hero Emerges,Hero Emerges!,Rare,
Cyclone Boomerang,Hero Emerges!,Rare,
Dark Factory of Mass Production,Hero Emerges!,Rare,
Elemental Hero Bubbleman,Hero Emerges!,Rare,
Elemental Hero Erikshieler,Hero Emerges!,Rare,
Elemental Hero Mariner,Hero Emerges!,Rare,
Elemental Hero Necroid Shaman,Hero Emerges!,Rare,
Elemental Hero Necroshade,Hero Emerges!,Rare,
Elemental Hero Tempest,Hero Emerges!,Rare,
Fusion Recovery,Hero Emerges!,Rare,
Hero Signal,Hero Emerges!,Rare,
Monster Reincarnation,Hero Emerges!,Rare,
R - Righteous Justice,Hero Emerges!,Rare,
Skyscraper,Hero Emerges!,Rare,
Winged Kuriboh LV 10,Hero Emerges!,Rare,
Bubble Blaster,Hero Emerges!,Common,
Bubble Illusion,Hero Emerges!,Common,
Bubble Shuffle,Hero Emerges!,Common,
Burst Return,Hero Emerges!,Common,
Clay Charge,Hero Emerges!,Common,
Dark Catapulter,Hero Emerges!,Common,
Elemental Burst,Hero Emerges!,Common,
Elemental Hero Avian,Hero Emerges!,Common,
Elemental Hero Burstinatrix,Hero Emerges!,Common,
Elemental Hero Clayman,Hero Emerges!,Common,
Elemental Hero Madballman,Hero Emerges!,Common,
Elemental Hero Neo Bubbleman,Hero Emerges!,Common,
Elemental Hero Rampart Blaster,Hero Emerges!,Common,
Elemental Hero Sparkman,Hero Emerges!,Common,
Elemental Hero Steam Healer,Hero Emerges!,Common,
Elemental Recharge,Hero Emerges!,Common,
Feather Shot,Hero Emerges!,Common,
Feather Wind,Hero Emerges!,Common,
H - Heated Heart,Hero Emerges!,Common,
Hero Barrier,Hero Emerges!,Common,
HERO Flash!!,Hero Emerges!,Common,
Hero Heart,Hero Emerges!,Common,
Hero Kid,Hero Emerges!,Common,
Hero Ring,Hero Emerges!,Common,
Hero Spirit,Hero Emerges!,Common,
Miracle Kids,Hero Emerges!,Common,
O - Oversoul,Hero Emerges!,Common,
Oscillo Hero,Hero Emerges!,Common,
Spark Blaster,Hero Emerges!,Common,
Special Hurricane,Hero Emerges!,Common,
The Warrior Returning Alive,Hero Emerges!,Common,
Transcendant Wings,Hero Emerges!,Common,
Wroughtweiler,Hero Emerges!,Common,
Limiter Removal,A Machine’s Soul Never Sleeps,Ultra Rare,
Shield Crash,A Machine’s Soul Never Sleeps,Ultra Rare,
Super Vehicroid Jumbo Drill,A Machine’s Soul Never Sleeps,Ultra Rare,
Ambulanceroid,A Machine’s Soul Never Sleeps,Super Rare,
Decoyroid,A Machine’s Soul Never Sleeps,Super Rare,
Drillroid,A Machine’s Soul Never Sleeps,Super Rare,
Streamroid,A Machine’s Soul Never Sleeps,Super Rare,
Sudmarineroid,A Machine’s Soul Never Sleeps,Super Rare,
UFOroid Fighter,A Machine’s Soul Never Sleeps,Super Rare,
Ambulance Rescueroid,A Machine’s Soul Never Sleeps,Rare,
Cyber Summon Blaster,A Machine’s Soul Never Sleeps,Rare,
Dark Jeroid,A Machine’s Soul Never Sleeps,Rare,
Gyroid,A Machine’s Soul Never Sleeps,Rare,
Perfect Machine King,A Machine’s Soul Never Sleeps,Rare,
Rescueroid,A Machine’s Soul Never Sleeps,Rare,
Steam Gyroid,A Machine’s Soul Never Sleeps,Rare,
Supercharge,A Machine’s Soul Never Sleeps,Rare,
UFOroid,A Machine’s Soul Never Sleeps,Rare,
Vehicroid Connection Zone,A Machine’s Soul Never Sleeps,Rare,
7 Completed,A Machine’s Soul Never Sleeps,Common,
Acid Rain,A Machine’s Soul Never Sleeps,Common,
Bokoichi the Freightening Car,A Machine’s Soul Never Sleeps,Common,
Commander Covington,A Machine’s Soul Never Sleeps,Common,
Cycroid,A Machine’s Soul Never Sleeps,Common,
Dekoichi the Battlechanted Locomotive,A Machine’s Soul Never Sleeps,Common,
Jetroid,A Machine’s Soul Never Sleeps,Common,
Machine King,A Machine’s Soul Never Sleeps,Common,
Machine King Prototype,A Machine’s Soul Never Sleeps,Common,
Machiners Defender,A Machine’s Soul Never Sleeps,Common,
Machiners Force,A Machine’s Soul Never Sleeps,Common,
Machiners Sniper,A Machine’s Soul Never Sleeps,Common,
Machiners Soldier,A Machine’s Soul Never Sleeps,Common,
Oni Tank T-34,A Machine’s Soul Never Sleeps,Common,
Overdrive,A Machine’s Soul Never Sleeps,Common,
Patroid,A Machine’s Soul Never Sleeps,Common,
Patrol Robo,A Machine’s Soul Never Sleeps,Common,
Rocket Warrior,A Machine’s Soul Never Sleeps,Common,
Thunder Nyan Nyan,A Machine’s Soul Never Sleeps,Common,
Weapon Change,A Machine’s Soul Never Sleeps,Common,
Wonder Garage,A Machine’s Soul Never Sleeps,Common,
Des Koala,Beast Kingdom,Ultra Rare,
Forest Guard Green Baboon,Beast Kingdom,Ultra Rare,
Scapegoat,Beast Kingdom,Ultra Rare,
Gyaku-Gire Panda,Beast Kingdom,Super Rare,
King Tiger Wanghu,Beast Kingdom,Super Rare,
Silent Fiend,Beast Kingdom,Super Rare,
Stray Lambs,Beast Kingdom,Super Rare,
The Earth -- Hex-Sealed Fusion,Beast Kingdom,Super Rare,
Wild Nature's Release,Beast Kingdom,Super Rare,
Bazoo the Soul-Eater,Beast Kingdom,Rare,
Behemoth the King of All Animals,Beast Kingdom,Rare,
Berserk Gorilla,Beast Kingdom,Rare,
Big Koala,Beast Kingdom,Rare,
Bubonic Vermin,Beast Kingdom,Rare,
Cross Counter,Beast Kingdom,Rare,
Des Wombat,Beast Kingdom,Rare,
Dian Keto the Cure Master,Beast Kingdom,Rare,
Maji-Gire Panda,Beast Kingdom,Rare,
Master of Oz,Beast Kingdom,Rare,
3-Hump Lacooda,Beast Kingdom,Common,
Beast Fangs,Beast Kingdom,Common,
Beast Soul Swap,Beast Kingdom,Common,
Big-Tusked Mammoth,Beast Kingdom,Common,
Blade Rabbit,Beast Kingdom,Common,
Continuous Destruction Punch,Beast Kingdom,Common,
D.D.Crazy Beast,Beast Kingdom,Common,
Dark Zebra,Beast Kingdom,Common,
Des Kangaroo,Beast Kingdom,Common,
Desertapir,Beast Kingdom,Common,
Destruction Punch,Beast Kingdom,Common,
Frenzied Panda,Beast Kingdom,Common,
Hyena,Beast Kingdom,Common,
Kangaroo Champ,Beast Kingdom,Common,
Leogun,Beast Kingdom,Common,
Master &amp, Expert,Beast Kingdom,Common
Poison Fangs,Beast Kingdom,Common,
The Big March of Animals,Beast Kingdom,Common,
The Wicked Worm Beast,Beast Kingdom,Common,
Thousand Needles,Beast Kingdom,Common,
Two Thousand Needles,Beast Kingdom,Common,
Cyber Blader,Mainden’s Heartbeat,Ultra Rare,
D.D. Assailant,Mainden’s Heartbeat,Ultra Rare,
D.D. Warrior Lady,Mainden’s Heartbeat,Ultra Rare,
Command Knight,Mainden’s Heartbeat,Super Rare,
Cyber Prima,Mainden’s Heartbeat,Super Rare,
Ready for Intercepting,Mainden’s Heartbeat,Super Rare,
Reinforcement of the Army,Mainden’s Heartbeat,Super Rare,
Shadow of Eyes,Mainden’s Heartbeat,Super Rare,
The A. Forces,Mainden’s Heartbeat,Super Rare,
Birdface,Mainden’s Heartbeat,Rare,
Cyber Gymnast,Mainden’s Heartbeat,Rare,
Divine Sword -- Phoenix Blade,Mainden’s Heartbeat,Rare,
Elegant Egotist,Mainden’s Heartbeat,Rare,
Fusion Sword Murasame Blade,Mainden’s Heartbeat,Rare,
Harpie Lady Sisters,Mainden’s Heartbeat,Rare,
Harpies' Hunting Ground,Mainden’s Heartbeat,Rare,
Harpie's Pet Baby Dragon,Mainden’s Heartbeat,Rare,
Hysteric Party,Mainden’s Heartbeat,Rare,
Blade Skater,Mainden’s Heartbeat,Common,
Crimson Sentry,Mainden’s Heartbeat,Common,
Cyber Harpie Lady,Mainden’s Heartbeat,Common,
Cyber Shield,Mainden’s Heartbeat,Common,
Cyber Tutu,Mainden’s Heartbeat,Common,
Etoile Cyber,Mainden’s Heartbeat,Common,
Fusion Weapon,Mainden’s Heartbeat,Common,
Harpie Girl,Mainden’s Heartbeat,Common,
Harpie Lady,Mainden’s Heartbeat,Common,
Harpie Lady 1,Mainden’s Heartbeat,Common,
Harpie Lady 2,Mainden’s Heartbeat,Common,
Harpie Lady 3,Mainden’s Heartbeat,Common,
Harpie's Pet Dragon,Mainden’s Heartbeat,Common,
Legendary Sword,Mainden’s Heartbeat,Common,
Lightning Blade,Mainden’s Heartbeat,Common,
Penumbral Soldier Lady,Mainden’s Heartbeat,Common,
Shadow Tamer,Mainden’s Heartbeat,Common,
Sword of Dragon's Soul,Mainden’s Heartbeat,Common,
The Unfriendly Amazon,Mainden’s Heartbeat,Common,
Warrior Elimination,Mainden’s Heartbeat,Common,
Warrior Lady of the Wasteland,Mainden’s Heartbeat,Common,
Dimension Fusion,Never Give Up,Ultra Rare,
Ojama Trio,Never Give Up,Ultra Rare,
Thousand-Eyes Restrict,Never Give Up,Ultra Rare,
Fiend's Sanctuary,Never Give Up,Super Rare,
Inferno Reckless Summon,Never Give Up,Super Rare,
Magical Mallet,Never Give Up,Super Rare,
Relinquished,Never Give Up,Super Rare,
Return from the Different Dimension,Never Give Up,Super Rare,
The Dark Door,Never Give Up,Super Rare,
Black Illusion Ritual,Never Give Up,Rare,
Chaos Necromancer,Never Give Up,Rare,
Copycat,Never Give Up,Rare,
Inferno Tempest,Never Give Up,Rare,
Ojama King,Never Give Up,Rare,
Ojamagic,Never Give Up,Rare,
Rescue Cat,Never Give Up,Rare,
Royal Magical Library,Never Give Up,Rare,
Satellite Cannon,Never Give Up,Rare,
Soul Tiger,Never Give Up,Rare,
Armed Changer,Never Give Up,Common,
Catnipped Kitty,Never Give Up,Common,
Chaos End,Never Give Up,Common,
Chthonian Alliance,Never Give Up,Common,
Chthonian Blast,Never Give Up,Common,
Chthonian Polymer,Never Give Up,Common,
Enchanting Fitting Room,Never Give Up,Common,
Ojama Black,Never Give Up,Common,
Ojama Delta Hurricane !!,Never Give Up,Common,
Ojama Green,Never Give Up,Common,
Ojama Yellow,Never Give Up,Common,
Ojamuscle,Never Give Up,Common,
Outstanding Dog Marron,Never Give Up,Common,
Ring of Defense,Never Give Up,Common,
The Grave of Enkindling,Never Give Up,Common,
The League of Uniform Nomenclature,Never Give Up,Common,
The Unhappy Girl,Never Give Up,Common,
The Unhappy Maiden,Never Give Up,Common,
Thousand-Eyes Idol,Never Give Up,Common,
Thuder Crash,Never Give Up,Common,
Treasure Map,Never Give Up,Common,
Amazoness Swords Woman,Warrior’s Pyramid,Ultra Rare,
Heart of the Underdog,Warrior’s Pyramid,Ultra Rare,
Water Dragon,Warrior’s Pyramid,Ultra Rare,
Amazoness Archers,Warrior’s Pyramid,Super Rare,
Hydrogeddon,Warrior’s Pyramid,Super Rare,
Pikeru's Circle of Enchantment,Warrior’s Pyramid,Super Rare,
Spiritual Earth Art -- Kurogane,Warrior’s Pyramid,Super Rare,
Spiritual Fire Art -- Kurenai,Warrior’s Pyramid,Super Rare,
Valkyrion the Magna Warrior,Warrior’s Pyramid,Super Rare,
Alpha the Magnet Warrior,Warrior’s Pyramid,Rare,
Beta the Magnet Warrior,Warrior’s Pyramid,Rare,
Ebon Magician Curran,Warrior’s Pyramid,Rare,
Familiar Possessed -- Aussa,Warrior’s Pyramid,Rare,
Familiar Possessed -- Eria,Warrior’s Pyramid,Rare,
Familiar Possessed -- Hiita,Warrior’s Pyramid,Rare,
Familiar Possessed -- Wynn,Warrior’s Pyramid,Rare,
Fuh-Rin-Ka-Zan,Warrior’s Pyramid,Rare,
Gamma the Magnet Warrior,Warrior’s Pyramid,Rare,
White Magician Pikeru,Warrior’s Pyramid,Rare,
A Rival Appears!,Warrior’s Pyramid,Common,
Amazon Archer,Warrior’s Pyramid,Common,
Amazoness Blowpiper,Warrior’s Pyramid,Common,
Amazoness Chain Master,Warrior’s Pyramid,Common,
Amazoness Fighter,Warrior’s Pyramid,Common,
Amazoness Paladin,Warrior’s Pyramid,Common,
Amazoness Spellcaster,Warrior’s Pyramid,Common,
Amazoness Tiger,Warrior’s Pyramid,Common,
Aussa the Earth Charmer,Warrior’s Pyramid,Common,
Bonding - H2O,Warrior’s Pyramid,Common,
Dramatic Rescue,Warrior’s Pyramid,Common,
Eria the Water Charmer,Warrior’s Pyramid,Common,
Hiita the Fire Charmer,Warrior’s Pyramid,Common,
Oxygeddon,Warrior’s Pyramid,Common,
Pikeru's Second Sight,Warrior’s Pyramid,Common,
Princess Curran,Warrior’s Pyramid,Common,
Princess Pikeru,Warrior’s Pyramid,Common,
Spiritual Water Art -- Aoi,Warrior’s Pyramid,Common,
Spiritual Wind Art -- Miyabi,Warrior’s Pyramid,Common,
Trial of the Princesses,Warrior’s Pyramid,Common,
Wynn the Wind Charmer,Warrior’s Pyramid,Common,
Cyber Dragon,Technology Master,Ultra Rare,
Future Fusion,Technology Master,Ultra Rare,
Power Bond,Technology Master,Ultra Rare,
Blowback Dragon,Technology Master,Super Rare,
Cyber End Dragon,Technology Master,Super Rare,
Cyber Twin Dragon,Technology Master,Super Rare,
De-Fusion,Technology Master,Super Rare,
Photo-Cyber Dragon,Technology Master,Super Rare,
The Light -- Hex-Sealed Fusion,Technology Master,Super Rare,
Barrel Dragon,Technology Master,Rare,
Cyber Laser Dragon,Technology Master,Rare,
Cyber Phoenix,Technology Master,Rare,
Different Dimension Capsule,Technology Master,Rare,
Gatling Dragon,Technology Master,Rare,
Kinetic Soldier,Technology Master,Rare,
Machine Duplication,Technology Master,Rare,
Mechanical Hound,Technology Master,Rare,
Mechanicalchaser,Technology Master,Rare,
The Fiend Megacyber,Technology Master,Rare,
Attack Reflector Unit,Technology Master,Common,
Cyber Archfiend,Technology Master,Common,
Cyber Barrier Dragon,Technology Master,Common,
Cyber Falcon,Technology Master,Common,
Cyber Kirin,Technology Master,Common,
Cybernetic Cyclopean,Technology Master,Common,
Cyber-Tech Alligator,Technology Master,Common,
Disk Magician,Technology Master,Common,
Giant Mech-Soldier,Technology Master,Common,
Guardian of the Throne Room,Technology Master,Common,
Labyrinth Tank,Technology Master,Common,
Machine Conversion Factory,Technology Master,Common,
Mech Bass,Technology Master,Common,
Megasonic Eye,Technology Master,Common,
Mighty Guard,Technology Master,Common,
Pendulum Machine,Technology Master,Common,
Photon Generator Unit,Technology Master,Common,
Royal Guard,Technology Master,Common,
Slot Machine,Technology Master,Common,
Steel Ogre Grotto #2,Technology Master,Common,
System Down,Technology Master,Common,
30,000-Year Old White Turtle,Vanilla Gloom,Common
Acid Crawler,Vanilla Gloom,Common,
Akakieisu,Vanilla Gloom,Common,
Akihiron,Vanilla Gloom,Common,
Ancient One of the Deep Forest,Vanilla Gloom,Common,
Acient Tool,Vanilla Gloom,Common,
Aqua Snake,Vanilla Gloom,Common,
Archfiend Marmot of Nefariousness,Vanilla Gloom,Common,
Arlownay,Vanilla Gloom,Common,
Arma Knibght,Vanilla Gloom,Common,
Armored Rat,Vanilla Gloom,Common,
Armored Starfish,Vanilla Gloom,Common,
Armored Zombie,Vanilla Gloom,Common,
Basic Insect,Vanilla Gloom,Common,
Beautiful Beast Tamer,Vanilla Gloom,Common,
Bio Plant,Vanilla Gloom,Common,
Blue-Eyed Silver Zombie,Vanilla Gloom,Common,
Bolt Escargot,Vanilla Gloom,Common,
Bolt Penguin,Vanilla Gloom,Common,
Bonehebimer,Vanilla Gloom,Common,
Boo Koo,Vanilla Gloom,Common,
Boulder Tortoise,Vanilla Gloom,Common,
Burglar,Vanilla Gloom,Common,
Candle of Fate,Vanilla Gloom,Common,
Claw Reacher,Vanilla Gloom,Common,
Corroding Shark,Vanilla Gloom,Common,
Cyber Commander,Vanilla Gloom,Common,
Cyber Soldier,Vanilla Gloom,Common,
D. Human,Vanilla Gloom,Common,
Dark Abssailant,Vanilla Gloom,Common,
Dark Chimera,Vanilla Gloom,Common,
Dark Gray,Vanilla Gloom,Common,
Dark Prisoner,Vanilla Gloom,Common,
Dark Armadillo,Vanilla Gloom,Common,
Dig Beak,Vanilla Gloom,Common,
Dokuroizo the Grim Reaper,Vanilla Gloom,Common,
Doma the Angel of Silence,Vanilla Gloom,Common,
Dragon Statue,Vanilla Gloom,Common,
Drooling Lizard,Vanilla Gloom,Common,
Eldebben,Vanilla Gloom,Common,
Embryonic Beast,Vanilla Gloom,Common,
Emperor of the Land and Sea,Vanilla Gloom,Common,
Eyearmor,Vanilla Gloom,Common,
Fiend Kraken,Vanilla Gloom,Common,
Frog the Jam,Vanilla Gloom,Common,
Ganigumo,Vanilla Gloom,Common,
Gate Deeg,Vanilla Gloom,Common,
Gatekeeper,Vanilla Gloom,Common,
Giant Scorpion of the Tundra,Vanilla Gloom,Common,
Gianbt Turtle Who Feeds on Flames,Vanilla Gloom,Common,
Giganto,Vanilla Gloom,Common,
Gokibore,Vanilla Gloom,Common,
Gorgon Egg,Vanilla Gloom,Common,
Grappler,Vanilla Gloom,Common,
Graveyard and the Hand Invitation,Vanilla Gloom,Common,
Great Bill,Vanilla Gloom,Common,
Gyakutenno Megami,Vanilla Gloom,Common,
Haniwa,Vanilla Gloom,Common,
Hard Armor,Vanilla Gloom,Common,
Hitotsu-Me Giant,Vanilla Gloom,Common,
Holograph,Vanilla Gloom,Common,
Hunter Spider,Vanilla Gloom,Common,
Hybo,Vanilla Gloom,Common,
Ice Water,Vanilla Gloom,Common,
Ill Witch,Vanilla Gloom,Common,
Illusionist Faceless Mage,Vanilla Gloom,Common,
Job-Change Mirror,Vanilla Gloom,Common,
Kagemusha of the Blue Flame,Vanilla Gloom,Common,
Kageingen,Vanilla Gloom,Common,
Key Mace #2,Vanilla Gloom,Common,
King Fog,Vanilla Gloom,Common,
Korogashi,Vanilla Gloom,Common,
LaMoon,Vanilla Gloom,Common,
Leo Wizard,Vanilla Gloom,Common,
Lightning Conger,Vanilla Gloom,Common,
Liquid Beast,Vanilla Gloom,Common,
Lisark,Vanilla Gloom,Common,
Living Vase,Vanilla Gloom,Common,
Lucky Trinket,Vanilla Gloom,Common,
Mabarrel,Vanilla Gloom,Common,
Machine Attacker,Vanilla Gloom,Common,
Madjinn Gunn,Vanilla Gloom,Common,
Masked Clown,Vanilla Gloom,Common,
Mechaleon,Vanilla Gloom,Common,
Mechanical Snail,Vanilla Gloom,Common,
Meda Bat,Vanilla Gloom,Common,
Megirus Light,Vanilla Gloom,Common,
Meotoko,Vanilla Gloom,Common,
Metal Fish,Vanilla Gloom,Common,
Metal Guardian,Vanilla Gloom,Common,
Midnight Fiend,Vanilla Gloom,Common,
Minomushi Warrior,Vanilla Gloom,Common,
Misairuzame,Vanilla Gloom,Common,
Mon Larvas,Vanilla Gloom,Common,
Monster Tamer,Vanilla Gloom,Common,
Monsturtle,Vanilla Gloom,Common,
Morinphen,Vanilla Gloom,Common,
Mushroom Man,Vanilla Gloom,Common,
Mystery Hand,Vanilla Gloom,Common,
Neck Hunter,Vanilla Gloom,Common,
Necrolancer the Timelord,Vanilla Gloom,Common,
Nekogal #1,Vanilla Gloom,Common,
Nemuriko,Vanilla Gloom,Common,
Night Lizard,Vanilla Gloom,Common,
Nightmare Scorpion,Vanilla Gloom,Common,
Obese Marmot of Nefariousness,Vanilla Gloom,Common,
Ogre of the Black Shadow,Vanilla Gloom,Common,
One Who Hunts Souls,Vanilla Gloom,Common,
Orion the Battle King,Vanilla Gloom,Common,
Phantom Dewan,Vanilla Gloom,Common,
Pot the Trick,Vanilla Gloom,Common,
Prisman,Vanilla Gloom,Common,
Psychic Kappa,Vanilla Gloom,Common,
Rainbow Marine Mermaid,Vanilla Gloom,Common,
Rock Ogre #1,Vanilla Gloom,Common,
Rock Ogre #2,Vanilla Gloom,Common,
Rock Spirit,Vanilla Gloom,Common,
Saber Slasher,Vanilla Gloom,Common,
Sand Stone,Vanilla Gloom,Common,
Science Soldier,Vanilla Gloom,Common,
Sectarian of Secrets,Vanilla Gloom,Common,
Shapesnatch,Vanilla Gloom,Common,
Shovel Crusher,Vanilla Gloom,Common,
Skull Stalker,Vanilla Gloom,Common,
Solitude,Vanilla Gloom,Common,
Souleater,Vanilla Gloom,Common,
Spike Seadra,Vanilla Gloom,Common,
Spikebot,Vanilla Gloom,Common,
Spiked Snail,Vanilla Gloom,Common,
Spirit of the Mountain,Vanilla Gloom,Common,
Stone Ghost,Vanilla Gloom,Common,
Stone Ogre Grotto,Vanilla Gloom,Common,
Succubus Knight,Vanilla Gloom,Common,
Swordsman of Landstar,Vanilla Gloom,Common,
Sychar,Vanilla Gloom,Common,
Tatsunootoshigo,Vanilla Gloom,Common,
Tentacle Plant,Vanilla Gloom,Common,
Terra the Terrible,Vanilla Gloom,Common,
That Which Feeds on Life,Vanilla Gloom,Common,
The Bewitching Phantom Thief,Vanilla Gloom,Common,
The Drdek,Vanilla Gloom,Common,
The Shadow Who Controls the Dark,Vanilla Gloom,Common,
The Thing That Hides in the Mud,Vanilla Gloom,Common,
Three-Headed Geedo,Vanilla Gloom,Common,
Tiger Axe,Vanilla Gloom,Common,
Togex,Vanilla Gloom,Common,
Tomozaurus,Vanilla Gloom,Common,
Tripwire Beast,Vanilla Gloom,Common,
Turtle Bird,Vanilla Gloom,Common,
Turtle Raccoon,Vanilla Gloom,Common,
Turu-Purun,Vanilla Gloom,Common,
Twin Long Rods #1,Vanilla Gloom,Common,
Twin Long Rods #2,Vanilla Gloom,Common,
Unknown Warrior of Fiend,Vanilla Gloom,Common,
Vishwar Randi,Vanilla Gloom,Common,
Water Girl,Vanilla Gloom,Common,
Water Element,Vanilla Gloom,Common,
Weather Control,Vanilla Gloom,Common,
White Dolphin,Vanilla Gloom,Common,
Wicked Mirror,Vanilla Gloom,Common,
Wilmee,Vanilla Gloom,Common,
Winged Cleaver,Vanilla Gloom,Common,
Wood Clown,Vanilla Gloom,Common,
Wood Remains,Vanilla Gloom,Common,
Wow Warrior,Vanilla Gloom,Common,
Wretched Ghost of the Attic,Vanilla Gloom,Common,
Zanki,Vanilla Gloom,Common,
Zarigun,Vanilla Gloom,Common,
Exchange of the Spirit,Tag Survivor,Ultra Rare,
Injection Fairy Lily,Tag Survivor,Ultra Rare,
Mage Power,Tag Survivor,Ultra Rare,
Snatch Steal,Tag Survivor,Ultra Rare,
United We Stand,Tag Survivor,Ultra Rare,
Ancient Gear Castle,Tag Survivor,Super Rare,
Ancient Gear Golem,Tag Survivor,Super Rare,
Armed Dragon LV 7,Tag Survivor,Super Rare,
Brain Control,Tag Survivor,Super Rare,
Creature Swap,Tag Survivor,Super Rare,
Cyber-Stein,Tag Survivor,Super Rare,
Horus the Black Dragon LV 6,Tag Survivor,Super Rare,
Horus the Black Dragon LV 8,Tag Survivor,Super Rare,
Raigeki Break,Tag Survivor,Super Rare,
Ultimate Insect LV 7,Tag Survivor,Super Rare,
Ancient Gear Beast,Tag Survivor,Rare,
Armed Dragon LV 3,Tag Survivor,Rare,
Armed Dragon LV 5,Tag Survivor,Rare,
Armed Dragon LV 10,Tag Survivor,Rare,
Enemy Controller,Tag Survivor,Rare,
Final Countdown,Tag Survivor,Rare,
Horus the Black Dragon LV 4,Tag Survivor,Rare,
Level Modulation,Tag Survivor,Rare,
Level Up!,Tag Survivor,Rare,
Magical Arm Shield,Tag Survivor,Rare,
Silent Magician LV 4,Tag Survivor,Rare,
Silent Magician LV 8,Tag Survivor,Rare,
Soul Exchange,Tag Survivor,Rare,
Ultimate Insect LV 3,Tag Survivor,Rare,
Ultimate Insect LV 5,Tag Survivor,Rare,
Ancient Gear,Tag Survivor,Common,
Ancient Gear Common,Tag Survivor,Common,
Ancient Gear Drill,Tag Survivor,Common,
Ancient Gear Factory,Tag Survivor,Common,
Ancient Gear Soldier,Tag Survivor,Common,
Covering Fire,Tag Survivor,Common,
Damage Condenser,Tag Survivor,Common,
Dark Coffin,Tag Survivor,Common,
Dark Mimic LV 1,Tag Survivor,Common,
Dark Mimic LV 3,Tag Survivor,Common,
Double Attack,Tag Survivor,Common,
Gift of Martyr,Tag Survivor,Common,
Judement of Pharaoh</pre><pre id=faqspan-2>,Tag Survivor,Common,
Magnet Circle LV 2,Tag Survivor,Common,
Mind Control,Tag Survivor,Common,
Owner's Seal,Tag Survivor,Common,
Statue of Wicked,Tag Survivor,Common,
The Graveyard in the Fourth Dimension,Tag Survivor,Common,
Ultimate Insect LV 1,Tag Survivor,Common,
Union Attack,Tag Survivor,Common,
Unity,Tag Survivor,Common,
Yu - Jo Friendship,Tag Survivor,Common,
Green Gadget,Princeton Power,Ultra Rare,
King Dragun,Princeton Power,Ultra Rare,
Red Gadget,Princeton Power,Ultra Rare,
Yellow Gadget,Princeton Power,Ultra Rare,
Blue-Eyes Ultimate Dragon,Princeton Power,Super Rare,
Burst Stream of Destruction,Princeton Power,Super Rare,
Dark Magic Attack,Princeton Power,Super Rare,
Inferno Fire Blast,Princeton Power,Super Rare,
Lord of D.,Princeton Power,Super Rare,
Stronghold,Princeton Power,Super Rare,
The Dark -- Hex-Sealed Fusion,Princeton Power,Super Rare,
Dark Flare Knight,Princeton Power,Rare,
Divine Dragon Ragnarok,Princeton Power,Rare,
Luster Dragon,Princeton Power,Rare,
Luster Dragon #2,Princeton Power,Rare,
Makiu,Princeton Power,Rare,
Mirage Knight,Princeton Power,Rare,
Release Restraint,Princeton Power,Rare,
Spiral Spear Strike,Princeton Power,Rare,
The Future of Summoning Dragon,Princeton Power,Rare,
Triangle Ecstasy Spark,Princeton Power,Rare,
Beast of Talwar,Princeton Power,Common,
Cosmo Queen,Princeton Power,Common,
Dharma Cannon,Princeton Power,Common,
Fairy's Gift,Princeton Power,Common,
Firewing Pegasus,Princeton Power,Common,
Flying Penguin,Princeton Power,Common,
Garnecia Elefantis,Princeton Power,Common,
Hyozanryu,Princeton Power,Common,
Kanan the Swordmistress,Princeton Power,Common,
Man-Eating Treasure Chest,Princeton Power,Common,
Mikazukinoyaiba,Princeton Power,Common,
Seiyaryu,Princeton Power,Common,
Serpent Night Dragon,Princeton Power,Common,
Stuffed Animal,Princeton Power,Common,
Three-Legged Zombies,Princeton Power,Common,
Tri-Horned Dragon,Princeton Power,Common,
Yamadron,Princeton Power,Common,
Breaker the Magical Warrior,Approach the Hotties,Ultra Rare,
Dark Paladin,Approach the Hotties,Ultra Rare,
Silent Swordsman LV 5,Approach the Hotties,Ultra Rare,
Curse of Vampire,Approach the Hotties,Super Rare,
Freed the Matchless General,Approach the Hotties,Super Rare,
Mataza the Zapper,Approach the Hotties,Super Rare,
Mystic Swordsman LV 6,Approach the Hotties,Super Rare,
Silent Swordsman LV 3,Approach the Hotties,Super Rare,
Tenkabito Shien,Approach the Hotties,Super Rare,
Black Luster Soldier,Approach the Hotties,Rare,
Cybernetic Magician,Approach the Hotties,Rare,
Disciple of the Forbidden Spell,Approach the Hotties,Rare,
Holy Knight Ishzark,Approach the Hotties,Rare,
Magician of Black Chaos,Approach the Hotties,Rare,
Mystic Swordsman LV 4,Approach the Hotties,Rare,
Obnoxious Celtic Guard,Approach the Hotties,Rare,
Rapid-Fire Magician,Approach the Hotties,Rare,
Silent Swordsman LV 7,Approach the Hotties,Rare,
Black Luster Ritual,Approach the Hotties,Common,
Celtic Guardian,Approach the Hotties,Common,
Chain Thrasher,Approach the Hotties,Common,
Dark Magic Ritual,Approach the Hotties,Common,
Dark Magician Knight,Approach the Hotties,Common,
Fairy King Truesdale,Approach the Hotties,Common,
Gearfried the Swordmaster,Approach the Hotties,Common,
Green Phantom King,Approach the Hotties,Common,
Harpie's Brother,Approach the Hotties,Common,
Knight's Title,Approach the Hotties,Common,
Moon Envoy,Approach the Hotties,Common,
Mystic Swordsman LV 2,Approach the Hotties,Common,
Neo the Magic Swordsman,Approach the Hotties,Common,
Sealmaster Meisei,Approach the Hotties,Common,
Shien's Spy,Approach the Hotties,Common,
Talisman of Spell Sealing,Approach the Hotties,Common,
Talisman of Trap Sealing,Approach the Hotties,Common,
Emergency Provisions,Dorothy’s Soul,Ultra Rare,
Fire Princess,Dorothy’s Soul,Ultra Rare,
Solemn Wishes,Dorothy’s Soul,Ultra Rare,
Bad Reaction to Simochi,Dorothy’s Soul,Super Rare,
Draining Shield,Dorothy’s Soul,Super Rare,
Guardian Angel Joan,Dorothy’s Soul,Super Rare,
Nimble Momonga,Dorothy’s Soul,Super Rare,
Soul Absorption,Dorothy’s Soul,Super Rare,
Spell Absorption,Dorothy’s Soul,Super Rare,
Cure Mermaid,Dorothy’s Soul,Rare,
Granadora,Dorothy’s Soul,Rare,
Kiseitai,Dorothy’s Soul,Rare,
Mystic Wok,Dorothy’s Soul,Rare,
Numinous Healer,Dorothy’s Soul,Rare,
Poison of the Old Man,Dorothy’s Soul,Rare,
Sebek's Blessing,Dorothy’s Soul,Rare,
Survival Instinct,Dorothy’s Soul,Rare,
The Spell Absorbing Life,Dorothy’s Soul,Rare,
Zolga,Dorothy’s Soul,Rare,
Absorbing Kid from the Sky,Dorothy’s Soul,Common,
Altar for Tribute,Dorothy’s Soul,Common,
Blessing of the Nile,Dorothy’s Soul,Common,
Blue Medicine,Dorothy’s Soul,Common,
Burning Algae,Dorothy’s Soul,Common,
Elephant Statue of Blessing,Dorothy’s Soul,Common,
Enchanted Javelin,Dorothy’s Soul,Common,
Gift of the Mystical Elf,Dorothy’s Soul,Common,
Goblin Thief,Dorothy’s Soul,Common,
Goblin's Secret Remedy,Dorothy’s Soul,Common,
Griggle,Dorothy’s Soul,Common,
Gryphon's Feather Duster,Dorothy’s Soul,Common,
Hysteric Fairy,Dorothy’s Soul,Common,
Life Absorbing Machine,Dorothy’s Soul,Common,
Mooyan Curry,Dorothy’s Soul,Common,
Mysterious Puppeteer,Dorothy’s Soul,Common,
Nutrient Z,Dorothy’s Soul,Common,
Rain of Mercy,Dorothy’s Soul,Common,
Red Medicine,Dorothy’s Soul,Common,
Royal Knight,Dorothy’s Soul,Common,
Skull-Mark Ladybug,Dorothy’s Soul,Common,
Soul of the Pure,Dorothy’s Soul,Common,
Spring of Rebirth,Dorothy’s Soul,Common,
Token Thanksgiving,Dorothy’s Soul,Common,
Ceasefire,Sadie’s Soul,Ultra Rare,
Lava Golem,Sadie’s Soul,Ultra Rare,
Wave-Motion Cannon,Sadie’s Soul,Ultra Rare,
Dark Room of Nightmare,Sadie’s Soul,Super Rare,
Giant Germ,Sadie’s Soul,Super Rare,
Nightmare Wheel,Sadie’s Soul,Super Rare,
Secret Barrel,Sadie’s Soul,Super Rare,
Solar Flare Dragon,Sadie’s Soul,Super Rare,
Stealth Bird,Sadie’s Soul,Super Rare,
Attack and Receive,Sadie’s Soul,Rare,
Blast Held by Tribute,Sadie’s Soul,Rare,
Bowganian,Sadie’s Soul,Rare,
Coffin Seller,Sadie’s Soul,Rare,
Just Desserts,Sadie’s Soul,Rare,
Mask of the Accursed,Sadie’s Soul,Rare,
Meteor of Destruction,Sadie’s Soul,Rare,
Ominous Fortunetelling,Sadie’s Soul,Rare,
Restructer Revolution,Sadie’s Soul,Rare,
Tremendous Fire,Sadie’s Soul,Rare,
Abare Ushioni,Sadie’s Soul,Common,
Ameba,Sadie’s Soul,Common,
Ante,Sadie’s Soul,Common,
Balloon Lizard,Sadie’s Soul,Common,
Blasting the Ruins,Sadie’s Soul,Common,
Cemetary Bomb,Sadie’s Soul,Common,
D.D. Dynamite,Sadie’s Soul,Common,
Dark Snake Syndrome,Sadie’s Soul,Common,
Dora or Fate,Sadie’s Soul,Common,
Elephant Statue of Disaster,Sadie’s Soul,Common,
Final Flame,Sadie’s Soul,Common,
Fire Darts,Sadie’s Soul,Common,
Full Salvo,Sadie’s Soul,Common,
Hinotama,Sadie’s Soul,Common,
KA-2 Scissors,Sadie’s Soul,Common,
Kozaky's Self Destruct Button,Sadie’s Soul,Common,
Magical Explosion,Sadie’s Soul,Common,
Minar,Sadie’s Soul,Common,
Mushroom Man #2,Sadie’s Soul,Common,
Oozaki,Sadie’s Soul,Common,
Raimei,Sadie’s Soul,Common,
Sparks,Sadie’s Soul,Common,
The Path of Destiny,Sadie’s Soul,Common,
Token Feastevil,Sadie’s Soul,Common,
Sasuke Samurai,Midday Constellation (Noon Star),Ultra Rare,
Victory Viper XX03,Midday Constellation (Noon Star),Ultra Rare,
B.E.S. Crystal Core,Midday Constellation (Noon Star),Super Rare,
B.E.S. Tetran,Midday Constellation (Noon Star),Super Rare,
Sasuke Samurai #2,Midday Constellation (Noon Star),Super Rare,
Sasuke Samurai #4,Midday Constellation (Noon Star),Super Rare,
A-Team: Trap Disposal Unit,Midday Constellation (Noon Star),Rare,
B.E.S. Covered Core,Midday Constellation (Noon Star),Rare,
Fossil Excavation,Midday Constellation (Noon Star),Rare,
Lady Ninja Yae,Midday Constellation (Noon Star),Rare,
Power Capsule,Midday Constellation (Noon Star),Rare,
Sasuke Samurai #3,Midday Constellation (Noon Star),Rare,
Aitsu,Midday Constellation (Noon Star),Common,
Big Core,Midday Constellation (Noon Star),Common,
Boss Rush,Midday Constellation (Noon Star),Common,
Cyclon Laser,Midday Constellation (Noon Star),Common,
Doitsu,Midday Constellation (Noon Star),Common,
Getsu Fuhma,Midday Constellation (Noon Star),Common,
Gradius,Midday Constellation (Noon Star),Common,
Gradius' Option,Midday Constellation (Noon Star),Common,
Koitsu,Midday Constellation (Noon Star),Common,
Moai Interceptor Cannon,Midday Constellation (Noon Star),Common,
Nanobreaker,Midday Constellation (Noon Star),Common,
Option Hunter,Midday Constellation (Noon Star),Common,
Soitsu,Midday Constellation (Noon Star),Common,
Space Mambo,Midday Constellation (Noon Star),Common,
Tactical Espionage Expert,Midday Constellation (Noon Star),Common,
Card Destruction,Double Triple Destiny Draw,Ultra Rare,
Pot of Greed,Double Triple Destiny Draw,Ultra Rare,
Reckless Greed,Double Triple Destiny Draw,Ultra Rare,
Disturbance Strategy,Double Triple Destiny Draw,Super Rare,
Good Goblin Housekeeping,Double Triple Destiny Draw,Super Rare,
Pot of Avarice,Double Triple Destiny Draw,Super Rare,
Protector of the Sanctuary,Double Triple Destiny Draw,Super Rare,
Time Seal,Double Triple Destiny Draw,Super Rare,
Upstart Goblin,Double Triple Destiny Draw,Super Rare,
Appropriate,Double Triple Destiny Draw,Rare,
Card of Safe Return,Double Triple Destiny Draw,Rare,
Chainsaw Insect,Double Triple Destiny Draw,Rare,
Drop Off,Double Triple Destiny Draw,Rare,
Heavy Slump,Double Triple Destiny Draw,Rare,
Jar of Greed,Double Triple Destiny Draw,Rare,
Offering to the Doomed,Double Triple Destiny Draw,Rare,
Reload,Double Triple Destiny Draw,Rare,
The Bistro Butcher,Double Triple Destiny Draw,Rare,
Dragged Down into the Grave,Double Triple Destiny Draw,Rare,
7,Double Triple Destiny Draw,Common,
Avatar of The Pot,Double Triple Destiny Draw,Common,
Card of Sanctity,Double Triple Destiny Draw,Common,
Chaos Greed,Double Triple Destiny Draw,Common,
Coach Goblin,Double Triple Destiny Draw,Common,
Electric Snake,Double Triple Destiny Draw,Common,
Gamble,Double Triple Destiny Draw,Common,
Greed,Double Triple Destiny Draw,Common,
Guard Penalty,Double Triple Destiny Draw,Common,
Helping Robo for Combat,Double Triple Destiny Draw,Common,
Jar Robber,Double Triple Destiny Draw,Common,
Masked Sorcerer,Double Triple Destiny Draw,Common,
Mind Wipe,Double Triple Destiny Draw,Common,
Molten Zombie,Double Triple Destiny Draw,Common,
Monster Recovery,Double Triple Destiny Draw,Common,
Necklace of Command,Double Triple Destiny Draw,Common,
Penalty Game!,Double Triple Destiny Draw,Common,
Precious Cards from Beyond,Double Triple Destiny Draw,Common,
Sacred Crane,Double Triple Destiny Draw,Common,
Spirit of the Pot of Greede,Double Triple Destiny Draw,Common,
